date,Canada,Australia,India,Pakistan,Ireland,United States,New Zealand,South Africa,Singapore,Switzerland,Austria,Germany,Bolivia,Uruguay,Paraguay,Venezuela,Colombia,Ecuador,Peru,Chile,Argentina,Mexico,Spain
2006-01-01,38.646750930368505,31.105205952211275,63.997312108195295,16.69722487803688,29.624570023307086,58.345868888542356,7.287423003709275,26.330759406602542,21.82384073996353,37.344285170401704,41.64482347881705,51.24450788687926,19.207841209908942,3.349044975538708,19.215001475754544,23.81111483227091,15.353529743459507,32.09679902188943,20.810812158066618,47.73512247381999,16.35881037762707,47.6654957158873,40.09662719727215
2006-02-01,42.68315338665909,42.415823281444254,79.14431935707633,44.24607858409832,28.3736838815234,39.987421787629366,24.19780744835892,42.074563719895735,28.549287677349465,19.04684412509987,40.62127604374077,50.2162185567978,38.631726104828665,8.258852575049945,22.37061257055773,43.8658751296519,33.713675173564546,23.91191705909525,29.78986217044157,16.431844078861907,47.68705420687391,43.35677608922284,52.81146871214871
2006-03-01,52.883421042444894,47.16876440520943,38.82060833277432,36.715591910914874,34.66232201928393,57.97533799359203,22.0447547285698,12.462418879466421,29.509745243297115,36.125255301385074,29.714842246777838,57.008612555262694,15.760664794795199,4.138150010243492,0.0946718394776835,29.619155026819964,48.790425906006476,31.453624495502726,47.87984712163393,14.51325021927208,48.305127530607635,43.482011433371405,62.27941138619476
2006-04-01,27.48551971605328,48.25173428466592,34.070598741449395,16.684432973552646,28.533495406290502,60.22990351686999,17.05325285445685,25.256719668391824,35.43636001289379,28.869577094473584,25.849574128542205,51.99179258991,50.33792232846264,43.394795074403554,33.366637287256864,42.31683871835605,43.602975920594005,17.95747577469817,11.747888672241409,24.710487571610933,29.006052137547705,49.787289476123796,37.760646124602054
2006-05-01,37.68588195870971,35.13930920328712,35.219072848721716,29.70999112847232,24.443139369845195,50.628993621671974,29.84987654765433,18.933066265882786,41.69687893400329,22.584309598925298,31.137104563565657,61.062755718395834,17.701647284801844,29.382736002814678,0.05933607830132629,47.15828823787375,49.016351794331285,10.63418073169251,30.806641113358193,18.907422387021743,28.13228241677283,42.59164682535239,32.081768932656324
2006-06-01,38.151405903205976,33.294626994119874,66.9359640741582,15.139601203961027,26.30519337066896,50.59395263544852,38.999681369329814,9.092265757685977,18.377662351918886,20.48923938914079,34.04700877999561,65.91429004035332,20.25773030884553,16.313721021727908,0.02360605327219827,31.768328828634584,68.00425362994051,11.407344112364509,45.90101910140507,12.486416401085295,23.312580358185556,70.09581883823382,37.526493355278475
2006-07-01,31.44339092190017,21.36707799027768,46.30230263684117,27.725894681947953,24.890078934879103,44.155436002030676,27.752013004202777,22.618987920888785,30.938350305977192,16.484622535934133,41.62140757631327,60.849393244695044,20.623134054672313,46.46437533981942,0.0827449430591153,42.38716112903996,27.743606141772837,15.908550811177445,36.980255370809644,57.02602446012342,39.05671754548974,72.48590270104918,31.653522446491458
2006-08-01,38.12528758287565,37.38414324146397,43.44360600731701,11.71581468277256,25.325086818158,49.60783059360789,51.90352265334241,22.461246556203434,3.1928597944286605,13.961462357504763,31.343964063093765,51.78878065865771,19.06181117655063,14.905129224242458,0.06411522630938704,30.70824221058558,58.70562210621971,9.556349670605472,13.222233077898341,16.50549891056888,38.6744425229653,38.13877527122101,40.69175095920933
2006-09-01,20.72962954584459,43.98577950891323,30.964388632816163,30.051328444392965,20.095309940113342,38.30316976882914,27.567503004368707,11.686575011833774,15.51673292584134,19.099760958434107,34.74208048522296,38.180252862548784,33.29819337170144,1.7538631226349386,10.389136295992406,59.48255150780185,62.129543812852205,29.950871763498906,38.82470396911096,42.4017411255101,34.34714519972357,35.135440203535985,44.944186741915495
2006-10-01,51.5511187380148,36.42071109155329,26.572317046922297,24.50262731166907,27.06277495226242,44.864269335426236,10.641311107684794,15.737582658715027,32.7452343469936,37.4218133413582,25.14880471899549,41.56989557105808,37.896467775802186,14.509653012580316,8.847831257525282,24.620425360240937,39.426929983179534,5.763670152446805,22.432484424763132,31.19171311367385,51.3212652178907,43.80259956429569,38.03604384234258
2006-11-01,43.485875131253174,45.392326489057346,37.318613355301004,25.703088377431467,40.75063495184646,46.15699735975236,34.83483527812982,27.56695798660318,34.37914773309715,17.576450661537805,25.483694337665742,37.84613689800088,21.501621684150223,17.568385642996542,0.09597458924962432,36.371834242252646,37.927840107691495,28.434220061906984,25.517772001968254,28.633102955576437,43.448802597320366,65.22004484573074,23.45852233121757
2006-12-01,42.23555505999093,49.09480496582854,33.25819792906309,14.935958330556028,60.90423978901064,40.67761833680738,25.996288969790598,16.07215543667319,41.502436972028875,51.052906567155866,26.523216759971152,37.83504932731508,32.880224487530164,5.911477702786591,15.088763062334861,50.09310301447645,8.444818200473426,31.120014523125313,18.167639265849246,19.004616248423424,18.965350799496893,51.98481197332548,44.94186745588326
2007-01-01,38.29288434124594,41.08006709094095,29.638860921500946,27.053436281469654,24.084315634386893,46.04453825766362,13.131882945240745,21.379982659397495,25.980141286404287,34.390121946534876,30.562239617291734,33.561312571103265,23.871038841252748,19.985621704016776,20.952327379938684,34.950138804293786,28.49904055973971,14.082202885076686,22.469001423908292,19.31362483160725,33.88451214476527,31.598177206969165,54.14491188049624
2007-02-01,45.16608862238797,37.90775140991841,28.397692989315086,20.899013341717296,19.4196133304578,45.338773728466144,15.41588655771492,7.0665978790710815,15.840914408132228,50.44235813888741,20.8629918842899,58.767769656016505,24.42593997821266,1.5244873007086552,12.21912759615329,26.99746519323255,32.4366519737609,7.174207616001608,23.856604256501136,13.710293400196509,12.864737487409187,38.81261752259818,50.79837443874051
2007-03-01,23.497263305938137,40.27562902541127,39.38739627565766,12.209408423060678,21.176291303706048,41.16533190851337,20.302327218397355,11.08246718814353,51.01092818443387,23.141512400991733,26.121285728593165,53.2429557919902,50.926522317202874,12.81206867142563,21.785654588462524,29.129971821359298,30.07293733167382,18.99358699230824,21.267447980228653,28.952516127961655,19.22833861233947,54.284297899062345,39.36282286725657
2007-04-01,40.33772394605646,24.544160809301214,31.772755174271776,12.10350412568127,19.30306310042536,40.014865868276594,25.571902280786784,32.941488667144576,11.647220359289234,22.102765801682462,34.33120957777904,37.50403546984273,27.506543085634124,26.503732065955706,6.339610260229835,33.078997841807464,32.61158085846599,28.75038893377324,27.591356437175385,26.780411083036995,20.776633513082984,48.66273203869542,45.621043799556254
2007-05-01,32.7600817101709,32.14055852574476,25.1970914637044,12.638347971202286,26.72323405923217,48.45880377295132,25.789551150145968,21.90025664811552,29.72604717478139,29.513455848063376,35.64190802350262,58.23919530676603,29.60107676161191,82.51154279738756,0.05933607830132629,47.415106568653336,32.29932310299918,28.47498938354214,23.001568900579183,25.62758372764647,26.37405492202035,36.303077966234554,40.334207994412544
2007-06-01,32.89856757380134,35.908952893427646,34.72091564607499,21.6645973556721,17.758496670415543,46.371865265200974,16.933897825158102,28.765187093889825,24.46462979343536,33.13143353337901,33.2864701243006,45.28461831335773,17.016446800504493,33.38069454064163,16.50355965911086,40.871787542661195,45.027375718172436,29.72086590683894,27.725944264871043,26.494513154323535,28.63227138325673,41.05180980196501,53.00161501345296
2007-07-01,28.3547373384212,31.90590066588373,49.186720646933594,39.68598515800959,19.483763442478395,36.77882212871759,29.161059224472567,21.198439351125106,31.154496785063063,20.277039672619484,31.06998008559194,49.79952066616625,27.65391939074026,51.0243090627161,0.0827449430591153,36.89510335069095,26.595004897749345,25.801824009609515,21.658044536676815,17.49700096229237,27.072605087463234,47.88542629780272,47.28805759325924
2007-08-01,40.0056808010108,23.45680274132677,51.24321964155653,29.75028052196063,18.654416436482418,42.734504996858384,20.619437645280456,17.764918889361304,35.97925385855449,41.73833084974067,17.464671780490576,59.96745679778456,31.542032578668216,19.5057671467461,0.06411522630938704,42.321873333267106,26.918510593187712,32.39655027116427,31.161382573029904,24.968102403524327,27.891173383282467,38.19641209614515,33.42934268682873
2007-09-01,47.00182740425558,30.495087035391915,24.526190310772193,27.912585902137653,31.21609062111312,38.10391583411445,23.239188249283686,10.992194837890134,30.146757757741124,20.938940870867498,9.095787447035022,41.064024862512674,25.778756570583884,18.81153841817373,14.379481590973219,26.91815952253333,27.161331710241306,17.295137536814355,16.38734474148454,15.11243280164955,28.711153645022705,50.163543437903755,42.78939478004442
2007-10-01,35.6128242141312,35.61544292968054,56.55703354987772,19.962620564042055,34.947738080439166,36.90810994067577,25.88767643590276,15.899532341159867,26.39482052462688,15.124682794791484,23.63398768957516,51.57284315892242,32.80344466901809,12.716045081559757,16.15936264751924,41.52552288051463,22.92682604467435,39.793261687194345,32.890976594381485,18.35964397496428,23.62906220207148,35.065942530565316,32.60446145757491
2007-11-01,40.17730221330541,41.054863822297285,34.81025429355056,43.63694572725848,29.24625825177958,44.01306559787806,11.149740890667948,18.693742953747677,16.40914321183696,39.21388982817112,39.03826967800634,47.688301736335745,28.444357865022152,7.375132831111782,8.052209990560256,45.42336820152944,30.236545671029166,34.10518659521913,33.78472018630797,30.231976695993286,35.58120222741358,41.578092633778475,41.572583547459544
2007-12-01,32.1574435275615,23.12221338507148,37.665138376271145,2.933081030276409,19.486215009496473,35.000035913230874,20.8238592720135,39.06929287750652,30.139974364912707,39.19032117964195,27.670147512505235,37.35762093837799,23.940214080709385,12.425984201700821,0.12501362544563488,28.37594838852494,28.55213630880835,50.63377382494762,27.94788966550708,30.437833986367515,21.800132915945774,44.37087627080017,57.1768804715806
2008-01-01,27.942891946941486,31.540030223155586,42.63452021179542,12.123193008887249,32.11460585710616,35.442670833315994,35.585694095425985,14.739916172613677,39.164051300443184,38.15750420176582,30.651978409175637,46.30073090542448,16.844400566742003,5.84453148481042,0.1478496773336229,30.65649745651525,22.846598585100324,48.91051231088608,19.098207114439575,15.215904388191285,25.939506532417226,53.45305055721864,53.7721029074522
2008-02-01,42.1553529236784,30.799742764331597,44.25052811112738,32.7793927044277,14.370459645643832,40.99164789935558,12.56595676725364,22.536856888624403,18.528164343376453,30.349329405363733,30.21234572989073,46.32479184838997,25.8325970753012,4.218233410445172,0.08810305173998695,34.991730760964465,29.01348483804926,17.325779899748394,14.902250205647508,35.95354278370297,21.62595020209335,50.60630481790709,40.309298570994734
2008-03-01,33.70100681254436,30.02353433494334,28.796574948890623,25.141581685460093,19.892657645014964,34.379219212469806,20.362853859791183,30.215273043051,22.453037175965335,30.339672354629894,23.843678913371587,30.162291827324136,18.56201625136707,11.205787437873381,11.670688539713112,43.20317148119475,25.47542127244731,35.06688989692317,28.767199314659287,24.84012749746696,35.69762107529426,29.609815388590413,38.02235242681146
2008-04-01,34.88853342341566,35.91110679766487,49.491105243436415,23.689012708711047,31.843877231129436,37.73913521797727,18.285359005328587,19.40929073444629,31.960515437495673,23.337685645747708,15.238554144724139,36.798771044282766,36.36689088384716,11.022551870181589,9.342613263232838,41.79879166233917,26.94401678400734,20.973200378445007,36.190968974172264,19.64867951995297,32.459511674160844,43.05849683340982,57.48867511121648
2008-05-01,46.0942786273615,39.776905053881116,27.001465380205122,20.034304464706835,16.0186371076169,39.356374377485686,17.395924676816275,14.625998905536512,15.451053721496963,33.12860615703332,20.209111192268654,32.14086596441324,26.050687117668097,14.94816916045633,0.05933607830132629,48.796510058371766,27.96987853280573,37.79527529987736,26.72527208643165,25.672890176468883,41.936957276335995,42.20921701173598,39.41965641394734
2008-06-01,30.79160831652366,43.33362563388588,34.00241532013202,19.049578681364803,21.513114662361485,33.099446480025954,24.20355485137924,32.90146426301859,31.169739475010214,10.367292645280761,43.10901910109413,36.4007988059184,30.97156763767958,8.229365144347724,10.630970400905547,31.05796728244571,22.82233009298697,34.866871098244474,20.862907141334528,26.205237460375724,17.91066560571921,33.440288124587404,35.546165120169505
2008-07-01,35.132771907072254,23.394319044196717,42.06172642397718,14.14060914336563,11.001760395240353,38.75405551171484,14.30893648229332,31.23076293782145,29.437307254132847,28.997303903356798,25.094758099425942,40.73668606033778,35.03871761212288,16.864701458571208,10.34470247067721,36.1008684704097,39.12438709515534,26.39340484971904,31.156852531949163,25.0624078500751,36.39110384824687,39.10393135940238,43.217983912760516
2008-08-01,49.98374031646656,32.80374264145624,32.25128762290006,9.044635399506431,12.969927629660141,33.80333226954026,26.898181688671183,28.527336354341177,19.889285381371014,22.51004567369365,42.82886666383626,28.442484860094805,33.39740197412615,3.0201479244413787,12.996170752805583,31.76725861892342,20.09308890121324,31.89946927958453,25.210482435088792,18.21132459547687,29.478312647280596,43.630403562187055,50.40055960270643
2008-09-01,32.218205984011895,33.60121636380314,34.99107549510892,24.14645732514848,25.749646220468502,40.59758986959852,30.371690082289067,29.28190259925712,23.143847943535935,27.344497106711017,34.24579838171034,34.52380435498302,24.008627106361576,11.013743997355997,9.591067236996246,35.27961103234685,22.387771025691855,24.748889005550577,32.74280183524055,21.354092403899962,36.733594670614856,34.08064793129848,37.40579451311967
2008-10-01,27.477144379366834,33.644378501921175,24.481313392392604,19.187023868637166,22.247015662065436,47.87481776866315,16.763782933366134,30.018823444426904,29.629929176551254,45.95545505814541,27.060118849746676,35.268756605999464,23.37100087378936,1.3565281850962378,2.6907521922672113,47.87888634041333,25.06969293211148,34.04254676618324,30.79637473947009,18.791593648024282,26.91088307613496,45.31323642876553,34.35996074570064
2008-11-01,37.0689507822155,31.60639873650179,31.18571660045959,19.310635690754847,28.329607587881,38.455723423006376,11.863990625529118,22.12732226294027,11.13120365114512,32.881973537756444,33.26482002857883,25.668803803210583,33.252774148241784,7.941424653994267,0.09597458924962432,20.753029384396395,20.529860786549357,28.870989884089717,38.17480891196812,10.105781359433598,20.811853763472733,41.224431093943636,45.75034338479378
2008-12-01,27.25037881617223,27.528871965699604,22.804306081450008,19.731753417100588,20.009465894331388,49.30505545046657,11.990631336424928,27.459629388026652,21.275533193782746,19.837203025151133,23.517658934933575,32.96774915067511,20.33592199118175,7.414825356382182,17.313855915403888,32.646128214358356,22.713465581949485,26.90403230716111,33.47587893223976,11.310540191257918,24.93346969649543,39.163297940216886,38.81337750695893
2009-01-01,34.82203767208494,34.02341696158739,31.8199429771617,10.86331444352664,18.986489557598876,36.14855079666916,9.527201634429696,32.254262266011644,22.980063485187486,28.96541454734651,28.398644493677264,30.50193499262588,18.496084384925048,40.76440802529799,14.003023763202128,46.254595423537566,11.17591607469458,24.949980008412275,28.738876087911017,19.81169178837277,23.002939417417803,44.634301973438006,39.79041286676245
2009-02-01,32.55693098376084,26.760791051009367,32.406938991164715,27.157976973747154,20.493925779508565,38.17332639501697,34.67718997289769,15.836578840655873,45.13248019553783,21.972579853272602,13.669991036797411,41.893770675265834,17.926631732013814,51.068931332333335,0.08810305173998695,19.060286172011864,28.839004139034024,23.786311181753465,26.80849583365376,12.59298656684351,23.92501150868328,27.560963600874807,25.38399099650804
2009-03-01,40.37060615910182,29.164862881661062,32.77967930239759,21.296519295972903,16.086553664136506,46.26049914741379,16.280423364260653,21.457050818425714,13.024043803979474,31.937089231965643,24.107344500332303,38.51870920524015,28.265525417184936,10.242018697742033,7.175148073602267,35.45832498594474,25.118890842028286,23.24869141568877,47.913251592676694,23.929654572204463,23.901650965379424,41.687192120493435,53.87903890369377
2009-04-01,33.74244014361857,52.81524648582786,34.84705890244613,24.221806172966073,34.89987706762965,37.198055006265434,9.292137907773592,25.411606368725362,16.79167914200281,31.402152039407145,32.802881818876436,32.00315314441803,20.984244564911062,15.44574621183134,39.67289794277107,29.766028509024313,17.523061138235708,41.45931887629446,46.48668717352006,23.812597842680805,21.487397495138424,30.178553068904144,23.113283207588427
2009-05-01,38.35226308791665,33.61160377873312,32.200498462039086,18.50443508008921,18.62520232164435,37.45544985351907,9.30838930547578,24.732044853452617,16.925062169363205,11.887720602885816,25.244838361374544,26.76580861379334,12.591026700546644,10.3908777122285,7.792843528223432,26.77233697915953,26.025370936033266,27.452266249355425,32.6384429023641,17.657269317316324,29.527453069710266,24.828483398301437,40.10490412565052
2009-06-01,34.155925138072455,54.49584866709625,34.60824046370178,27.96760657950865,19.96616088327474,49.1125132962334,18.82452567401109,18.32736260231028,24.698017787839902,33.550541706332346,34.230093563331,37.551894403487964,19.555223798602345,10.924150436807786,34.61482270437141,23.63326036456881,19.2037801331065,35.42100404895891,37.44146818184132,32.19382938545371,45.61113453806502,33.53976672669978,35.372006210016934
2009-07-01,41.01815183259152,29.246772915184824,37.584752350276915,3.3253983966920964,26.591639768447312,48.081320866350914,20.39968189445233,35.94295564666722,25.718576904575897,26.93228392301572,15.57558738377694,30.96766160438652,26.95713691386274,5.582136418217825,7.768478823576435,25.165214427090017,21.681671142735365,15.148967196394917,38.14668939504852,16.289148656425873,35.96642507421538,17.63078802636432,27.140611402769913
2009-08-01,42.21756360128479,39.99624154552719,30.42566372457475,25.726889529367792,18.343419272370326,39.911304164140475,11.355004121136638,23.065187423023556,23.034791133044536,26.23758692868168,43.550865045664324,27.159546695898797,31.28932465830908,4.55369389860926,4.686416197627305,17.383646999664244,14.890507088961716,20.561341381839185,39.79554576115875,16.452431906799426,37.188550087870624,31.674675272341027,28.545913661313726
2009-09-01,50.99721972065631,35.68122750394939,33.0802705467615,6.38505971676048,22.13523715203118,45.335418029478284,20.301360090898193,44.58254574207959,15.267347185675737,27.688153904432017,18.23294888199685,40.08636516011685,29.0796339514086,4.190673879140479,11.187205354988569,21.28855668168361,16.87850017242912,18.245964219552658,32.42882978359036,27.480905373629035,28.833304220875924,35.160130263166806,36.63004139705796
2009-10-01,44.10198175591131,47.99754163699556,34.17060969346783,16.068628061327406,20.415316837943113,42.74987714324529,36.66349732636963,23.85321344847124,15.537796995623937,27.77267457762697,14.02927537287187,28.441033288777977,18.417715302051715,7.33522128849809,6.923744049632135,35.07222528415733,30.074651871271747,17.61490113924847,36.369334768057605,34.62412793072661,32.15131331132689,28.29632211859854,47.94075889941033
2009-11-01,46.15256514129163,46.08445436878739,37.12050632068604,4.657405379478484,18.788318832515735,39.33404241904373,15.323247937742769,28.838058759055013,19.58314749346487,24.662394460977694,22.35950969953303,29.18863936767302,5.739760580665272,12.098202220440035,10.716977828319799,20.882407443508917,26.113220301039313,26.85151314625353,33.81006919708014,25.874619052016875,23.83757673775178,26.054190329531206,30.703301669160926
2009-12-01,52.03546998575908,41.901529341100634,41.216286132279016,12.12988614410393,28.88444125215544,40.825502889504044,25.59434552909551,14.972561168702128,26.081339542919427,23.913520180324426,22.384873974003867,20.22552472616434,25.74386185770827,15.933795393423864,5.632118436791483,53.156616095528236,29.173523932431454,15.044932319442927,23.806714260358294,9.953544734455441,27.523156135057725,30.238680366327987,34.496281852806305
2010-01-01,51.14376238742816,38.83389952255787,40.25589216735371,20.892245875233225,29.054568605235826,42.722888507704035,31.285108188611474,16.72359786863015,25.44729478715524,30.68204582097857,26.563469922419213,28.015846937455624,20.70695700355307,34.395310253036286,4.447731290189366,23.841656520136475,17.524922131418506,24.877743920176847,23.308930190711113,14.767135173218396,29.92636657802985,22.453203430636247,29.069685987759534
2010-02-01,35.221841902821026,39.603538678947324,37.96323036152952,11.284002707239003,19.200475155700243,38.320036046247616,22.911814944016317,31.956157460136083,27.45246525933581,26.3722709879721,26.569973857869787,18.39563982966938,13.723416046451888,6.0140641502695145,5.113088114070184,28.67371328105828,34.84740205599839,11.778997981627445,24.927568850075023,24.2965131648199,18.83009963384086,17.970222990681165,25.906129419618072
2010-03-01,42.44590953712845,35.495302566463096,48.772488149379114,12.242197959844988,18.849385065633488,46.4454314887879,32.01804408427265,32.98286413946315,30.154880551440044,43.23707823605621,19.18747860653328,34.22043404755031,29.35439627057607,23.461259918051756,6.425891329250459,24.708976773259096,24.27958619204985,41.85721529997266,30.416283921507734,11.60167682152163,26.868251468400473,22.748209983075522,26.016186274069334
2010-04-01,50.37264811748461,43.11694224368705,37.22077138585887,31.119831886393957,32.15750621191511,40.7824504004412,29.235586300675948,20.698360673051663,32.00026990505472,49.39114164349636,30.877521531970007,29.548637671801487,33.83594628364642,6.283415075556859,0.03330395392353045,21.109453343057435,19.9038519536612,29.742873574976972,33.4220438424828,15.034754261952916,35.05285016944934,25.754736127943612,35.442306178396315
2010-05-01,34.297849109490436,40.62101015741114,43.38038384941848,14.405229801509941,19.42680906505367,41.22461130924969,12.300985478916834,24.66142284468317,14.229662730396086,34.45200940466916,24.063887394278932,20.5385897690882,15.771664328784631,7.656502843291803,34.91910908992792,23.295366304695115,14.76130639317652,31.114691042128328,32.82138141362454,17.02854021153382,24.684919575224182,27.780995545846714,31.381271093629692
2010-06-01,31.872554707219066,42.15346949551821,35.82426812583263,19.782729095408403,12.990694723420065,47.426652688861026,18.58386637673086,17.789233480953364,30.12386513480082,23.628722335382346,24.092850311584115,33.10674140615711,16.59603485160921,4.187187205657632,3.2902338281489034,20.06748090233527,23.470857751201784,19.135670921802152,32.20905679231287,21.547354032806794,25.584076749546238,20.209693147784282,32.794635788841944
2010-07-01,41.67113536640953,30.406854975108683,32.51049735274753,9.023614736881092,21.891663069276618,44.50006641054784,26.099194524501105,10.094907423935078,36.24142357684155,32.10863790636419,25.52549842950914,19.97978471976685,24.50536988251246,6.0334390198319605,3.4747727450751387,22.433077139171665,16.328823546934856,29.980989912432722,27.443588028445447,38.60260688709021,25.783403285525537,21.685812245334425,24.727089193463
2010-08-01,39.22460413876167,26.707091028861655,37.62947176080463,23.80014082932507,30.19111081543996,36.15160561044773,31.23805324538783,37.574758050331425,36.13655004073515,29.1034009993008,38.50800063180198,28.09434584230564,26.15305233720686,13.371583250074577,0.06411522630938704,12.980851540723616,26.95347983682463,26.566009815875447,23.060198361178468,25.36435071113982,17.904083358870146,19.169525670448863,32.51399377352904
2010-09-01,29.32725743795537,31.099887408230774,37.05890154267623,15.333809658355682,35.97131676693623,26.32831152003979,25.511374856999236,21.65844984916247,28.216934426560858,41.51471533158474,31.929730303962966,33.65580290321974,34.2818223379929,3.7033117278393717,0.05414198199210938,21.275443013667903,17.35556573672732,16.492821632889978,26.6802050523659,17.374593845157204,12.058736292752794,36.256181694736526,22.472270375950007
2010-10-01,48.142935203108976,31.715344651383706,43.40408753821831,9.095770426076282,15.349330335657301,32.814173860119325,23.53748211434858,17.504837287761,19.720439963895444,38.26547145730476,27.56042930660294,28.138417521085888,17.83766358908166,15.395448988183785,3.075569633845841,18.407943191904863,19.959766910639313,29.885880565150806,33.387950535613925,25.42542702080542,19.598165429988423,22.18046971002566,27.719390969819766
2010-11-01,39.147789397706944,29.83153385576726,40.13747889663636,11.740956193194139,16.778635921243247,33.279735258484784,12.282055683735742,32.080532466502966,27.982146811739728,29.83960684196437,29.679332555014977,31.24125058717041,27.33547376586977,9.640300122641726,6.1488043921605815,20.4032381142942,17.330284227999613,14.145501554168892,37.421258434684866,17.56495835291375,25.086684912241523,21.859272747201636,32.38623102306652
2010-12-01,37.72429082014825,38.92747042332301,35.802257008572106,2.2645779873601626,15.221611861521632,36.3360418101097,34.57433374101299,13.084570432823268,15.03619452886467,35.30689325097831,34.683169233188714,22.81305300142077,40.977416241369674,2.403666511063546,0.12501362544563488,22.744598062535594,15.392533922958183,21.246524889320103,36.933769232097845,32.55372376965605,11.47678356138597,25.668034965188998,19.039431695443874
2011-01-01,37.351711290039,40.448223698528004,26.252684582064756,11.128947113230074,25.33696292547883,34.27755559571103,19.655193749479317,12.371988014375551,24.674424908905877,26.84510833681908,14.445359970045809,24.061408170965706,19.804831082192095,8.34001799408213,0.1478496773336229,27.944373474571393,16.57252922737063,14.070250093434879,37.67012032276296,14.452364492803886,21.515455655263956,21.774833131560523,26.6031649329099
2011-02-01,26.688591958559915,23.860992026565963,23.303886137176477,9.793750743291023,19.44896020770692,31.901455533898115,18.25986956382279,18.721964683899024,21.821727773394333,30.027428545826357,24.108002675386597,32.91018750967877,28.72790045500028,7.809894890093858,7.1433851089510725,20.10009788052573,13.438797947138715,19.154808494198164,29.198912426307817,28.466802927776065,26.84680156768391,21.72155402500423,32.15973376566593
2011-03-01,36.800059530364514,53.89995638544733,27.54219969727295,12.054233131570948,16.04871995490549,35.237395395089884,25.250511741099356,22.114504639628194,32.257432662011816,24.081357842514056,28.423655947505974,41.16457638562373,23.374727131831968,11.205787437873381,19.277269719033125,11.846835313670653,18.436632896642656,22.918418078978338,29.752532103355623,15.915934165566483,15.275374849283958,26.769831511358433,23.77141710423002
2011-04-01,37.550495655746595,35.669935901003804,28.504628627138413,14.05149308248984,10.914535691833096,35.73241645007284,26.98094778425296,12.31534487113373,20.37509464482675,20.01659008038607,25.655094624002405,30.89689745748849,35.68732796205906,8.810954699356715,30.1240817528834,30.304147206329635,15.634700683880846,17.109370791325937,31.51968696406994,10.330253922851666,27.606126803469728,11.02054670528534,29.959898125474524
2011-05-01,30.541643709265752,35.01475920730151,26.547464578708638,11.75811879912316,23.095242503775193,35.30229019033242,32.40125958656749,17.855363998733278,21.72229374902317,27.38943311085239,47.60671921621721,46.215642109065016,25.90051359236815,12.490572040786745,17.955820995793825,17.013419861439953,23.124466758643926,16.763766378053507,25.996393511829233,17.369159310881756,19.941364568731736,23.675763452996357,28.880446541953415
2011-06-01,36.765741613166576,43.65091544466443,23.534378165225842,8.22827984772988,24.527606595366574,39.832747884742766,26.373426441418655,23.59178072625245,15.04154765848846,19.643050563529947,26.196996052738836,29.14852855498735,32.13982737281363,16.5604086695293,24.251111747787842,19.26852085795047,14.693876295616112,21.02634163310416,30.284008920768116,15.87182730345611,19.26167205514981,21.31999099007957,29.25853536123406
2011-07-01,36.73308792618582,41.12728939156277,28.512226333272835,13.779497225340913,19.74937163144556,41.212297189922396,24.473023939140628,31.801788154735494,19.24619623493302,24.732036623255322,27.275893791121234,35.119905096112916,17.045676229715802,12.617667504180666,15.417135897009246,26.67980439893238,12.957514087965908,18.673687239197786,25.304728960389486,9.499190227154818,21.54145902741927,18.105474795145504,42.306542352837745
2011-08-01,35.410000073764415,41.78704064426987,34.06543763731471,7.991120321163943,21.53075690968818,41.294452575442854,14.71536220596085,21.69300283113698,20.971748600010404,29.085055549645137,30.872325136083322,43.495985670338634,23.44878180067575,16.72985912432757,6.24449517672323,17.90576413770065,15.531308791741296,16.67462543920407,34.23302215791156,22.426061157258438,19.17334605418387,19.384584113750844,30.589214795985647
2011-09-01,29.689276371554413,33.546574687845634,33.52552364626399,5.37859076579231,16.771311389514636,35.069742063792674,19.565609416576756,24.34051400414799,31.91280423236229,19.03240154398569,35.29493398177851,32.701884221054,16.299847437024066,10.509253462773968,13.650987615439965,21.306647625248722,17.09544695711792,22.008024911631974,35.27394226190654,16.969496533885607,16.44966971136885,19.360780042968393,35.23355709136077
2011-10-01,32.765077239881784,42.58236869345171,33.92865786397966,8.909277832606675,23.708593164248807,30.445489142262005,19.808722427890427,29.781536111150515,27.89723259315673,24.7244530063461,30.647676039535366,26.68555566697189,21.281316589325204,9.128829219518646,7.885576943626301,18.745464883569866,10.11962156249916,19.792568074903283,22.237644541830512,23.38967824260356,14.72651488855754,19.71979882819166,35.67206578814827
2011-11-01,40.30834000963037,36.71596872652662,22.532729360063723,13.623953328216976,17.874371394154206,37.503756161847456,33.725967436697324,21.775802054490413,19.65090870261086,23.12568616629697,33.52565664799419,37.809623925652964,28.129290635743384,20.664446005069575,3.864717674080976,17.29222991106244,15.271380602622576,18.88635483700735,29.629524126382808,15.13595689035699,23.800996945154075,21.458177667178457,36.23578090281552
2011-12-01,38.62974080359081,49.08581892240189,22.912210947228832,12.074256867575379,26.19831447476304,32.87677786429443,24.340107545650785,28.552875615052685,13.122889831408145,30.415458042671702,22.005628229160504,49.75080086719718,37.57897435215763,9.920404779041501,0.12501362544563488,17.4894375311963,23.656487229085513,17.823567173483177,24.68394244105908,15.303947455435997,15.342908095060363,18.122963476327875,33.974858403041864
2012-01-01,32.68053726669465,37.744821604125015,23.800014150514446,9.321019417501407,16.482694231572218,35.53037046300401,22.052634445867255,15.893090603935617,20.26900467282236,16.388936138502316,28.609987265374542,34.207057773352666,13.667036503169822,9.171846830506032,4.447731290189366,23.93996831457664,23.663272611414705,20.28090620272671,27.40895743267866,30.653025724403886,22.076330591577086,18.383240888855774,33.08805911217408
2012-02-01,39.672902889923996,44.201933772904624,20.818048282117662,6.223800870990103,14.527199284103746,33.29378230744862,20.06267677796112,26.191083384061702,26.047940975920003,26.759522556409532,34.57731833583073,37.335432077458584,20.267724123713563,14.726610923847515,30.00846910137974,27.489697039057887,14.916726740769167,21.68165505971145,37.85455223373278,11.268212841898281,34.30127881567175,20.108213975399515,27.7207953968487
2012-03-01,35.57970983352683,32.29320225757398,22.90695471697322,7.763300657866014,18.57249319274781,30.70680310459461,29.119994059083112,20.674489336255053,16.214311914855347,15.503403296539892,44.693067085571265,31.157694859817557,38.61052417049561,21.472151377613034,3.054235979667325,23.327441377234322,17.360192599055956,23.718158081193913,24.612495199860135,13.203904495682565,18.036610843997558,27.309879277861832,25.520342178479535
2012-04-01,44.51364025549402,29.460898160053787,23.829710205594875,8.646042638166511,14.97817013197877,30.42384387733605,20.191876356128777,17.33404446932258,24.664610908863107,28.256186973146768,27.93221476282142,33.716631605753285,17.039823984252948,13.742005487205772,15.746016172117455,14.399280789040295,15.873580998429151,20.689966065524978,27.84423297669708,15.056703598345957,18.365906338346523,20.40150215000405,18.412275122275673
2012-05-01,36.06821870443203,36.55960429415682,23.339336810605,9.693297054990026,20.389574026941755,33.74056005787869,26.69777887022688,24.630971357054026,28.110349504299535,27.870851901849587,31.949035828386926,40.52833002709422,18.10071246915471,7.884367415703195,5.504823572625175,20.05280649831758,17.84859914600358,22.104319253159932,29.09513970558661,23.270300402069935,24.88826285141571,23.538232348998044,26.111372699220247
2012-06-01,42.563292277762095,44.86087644835566,26.667012053986014,12.030096474005298,16.15292987851876,37.88704248863871,18.895843967417136,21.5615587532584,21.149621368336412,40.72390798052838,25.170218271056836,39.147439559678396,25.428455033997565,22.01156912636836,11.189227355305299,26.83272111973462,15.71032715283942,18.49709470092833,26.138005924131278,17.70904895988417,28.888577234517726,21.02920531135636,32.805678647771984
2012-07-01,34.109474443611035,39.14347375310753,24.509019959733692,7.775032415856155,19.153575171499106,34.23814032297475,23.481783268286843,17.8446977091352,33.99309810279619,26.431748812037032,30.834566602528923,45.45462940196331,22.479370870152067,22.649735416004688,22.38194823435538,29.471767009427897,17.081778942297216,21.790370574304113,36.84652284288454,18.599591287107923,25.569635469040744,23.84697494368852,41.29831971877311
2012-08-01,38.91469929974725,30.83524410970128,24.83998808245549,7.989636427442093,22.36359028433142,37.13527063971115,22.54911237624189,23.99466251107233,28.860577594106005,26.313359075132652,25.29596200214363,39.82426076355667,31.869940070371552,13.627486579772139,27.768424500074104,17.66898266646199,16.51581114912045,20.392497981827166,29.56446306714907,17.265527716658,25.050191486725794,22.910072947430933,24.65997501604594
2012-09-01,41.94122484417584,29.6719915617158,24.49329732905358,9.246502775801181,10.36176083201703,27.718286726110232,32.482887854458205,15.279055332394094,23.53052105486105,14.345345756567047,33.887111601856525,33.04222567959439,21.413342925413364,10.50570202099316,19.94585594754155,29.949465404560733,15.924284444458541,22.925020616474455,34.72804200613945,10.309869436849361,28.94066842158304,17.220394631866107,40.82368822482245
2012-10-01,35.76928082357828,34.112502758853886,23.00769452087391,10.691308434761035,14.488045915061802,32.064383968065336,20.22659318377638,23.221033585257004,22.9043356894102,14.51439990767684,30.444863480388317,39.626507877014944,14.898558884126583,7.155728494984872,25.95583916586421,21.46896515175114,13.594268764135327,24.547227681902974,25.26682809157395,12.023160982952493,26.52054845243851,18.627892531566594,23.72807071187631
2012-11-01,33.50969353037683,30.08605711275126,24.65603682074342,10.549551459027741,14.916596640476143,33.63526623734045,29.565649510356803,20.151628381032207,32.86662057787313,33.26273036317824,23.798582350120995,36.16964757258491,17.242607176746784,12.25487078101243,6.1488043921605815,19.717428695102132,15.342057711996171,17.274470934660034,30.438538838988002,18.23450766913813,20.99795771963585,16.599970789355957,39.80257836595544
2012-12-01,35.22756707135383,26.022887386151552,23.692211117498104,11.817021684178796,20.779757306298034,30.521354891641234,26.1382866305682,23.920531798395217,22.846381886225796,25.94808953670478,38.209700647493065,37.00165518257892,37.19216122908444,6.913709471850319,5.632118436791483,17.95188661486109,14.680388589456152,15.876590063048647,34.06405679076768,18.440430887414628,15.904610390809783,16.324385827078252,24.46909280844806
2013-01-01,45.46051392748143,37.29093588192875,26.72717243830775,10.286410917668112,25.47048149879684,32.7149606476443,21.4077205438376,12.881953553507005,23.75715419743945,28.874878165012337,25.795560759853473,29.269912658419837,24.280944723722843,12.482183886814937,4.013399814143331,10.299940672017744,18.468618273208318,17.892721377686243,39.848030341251444,18.226557004820524,23.505020386295833,18.860462759896812,16.167408088417027
2013-02-01,30.68718929464447,24.155794065912062,24.68292683295567,8.819744018642217,15.133648043928778,28.43603072284499,32.79868931317919,17.903325187609415,26.79789910668627,25.95104302975716,23.46705863972386,32.16030897651547,33.13902819104851,11.159860810159287,2.5752168704690743,22.105559288586505,21.237345723723053,17.283853128673663,32.46797235811341,12.501632382222088,21.761914522535243,17.71705594234399,23.02036254158738
2013-03-01,35.67984293860303,24.48882944754038,28.80320926926949,10.283544658796652,18.87565886105323,25.956582960077416,22.535857010460585,23.66988731845132,25.519234572061322,33.67678121253213,41.915699144141115,28.88985598831181,20.036826095542036,7.209750763573791,29.198559539101243,21.751597817894,12.953707562910719,18.87898515417832,22.96972045027358,11.817303771616501,26.155518939323184,13.23794796920065,27.07457280936318
2013-04-01,38.02221162744039,34.23596817490071,21.484226966887505,8.679596797597219,21.600651800247523,31.80758388523299,18.50682444047229,23.077823983520393,20.349578398367452,25.732539160891776,26.406373616523638,39.29465372675002,15.095402402357191,10.657701094814811,12.19700379505329,11.1707029415495,21.413684024230598,21.014749012709434,36.009995677212245,18.979977598313173,20.95758218039046,22.961558656689498,37.834119526059865
2013-05-01,39.08983498928293,26.380699054426003,24.63527768112965,10.431579398486866,23.769807407938817,27.341806407923613,30.47530097394497,21.129664297831923,23.47002619266789,27.11581435505263,28.00150761100541,31.656694414416176,17.83862202747557,7.492313483210296,11.36567364204189,20.858445229371007,17.460654010339635,20.00819864690451,42.16901415051558,18.192600073486354,18.392426816126843,16.36581045925151,35.125069888470364
2013-06-01,34.36669113830049,34.88118190130209,22.18301253468003,10.733104593714257,23.020405772446725,26.356409851182264,23.380921517975825,19.56068715244542,20.437685240196902,37.45318155520972,31.27258434149167,33.021694366755376,21.70241407549453,7.883382468213509,9.482958847550284,19.556823133667667,14.531620495044592,18.313712119360694,21.863330205101562,23.913662683744427,16.91341971950415,15.481909826879791,24.714338209545847
2013-07-01,43.593090886846596,33.91384734756088,22.767360943096847,8.573462876912034,13.784684739340229,27.748870587276272,21.17645443850591,23.140598231898874,22.94145669234011,35.69786877455581,38.773772275297844,33.20374711006592,24.398981070115642,6.087111462318554,14.480173366808494,19.85541308910645,18.860709182161962,18.444367507542236,28.649704086655873,12.02042679106243,20.507328820701265,17.60662434283451,24.890348422560194
2013-08-01,29.675257198774506,38.695320173871714,24.034493351643917,6.24523468632319,15.269535395552564,27.6351803420546,15.057087753916337,23.9332463928295,31.18205954284969,22.83362552476325,31.591947689284364,30.93033371473523,17.309973756953887,18.40452748337415,23.00453697161252,16.07733359156783,18.884180845638458,19.86114806728698,28.4592895445476,16.855466225096098,23.93227164304314,19.189063411043385,25.857944171557016
2013-09-01,36.10203275357156,36.2171118460144,23.711074390168477,7.9399986467161865,12.565053918579729,30.787446826319954,20.693661434280685,23.62056291834415,26.533612387099435,26.14339185564612,21.79658746196542,37.66897110778239,22.116476340024413,9.05426989243226,9.104570926630664,14.190757094341532,16.379658850004223,20.777359351872914,24.067848102998543,13.516958346050279,22.270789807683393,16.110749561899198,22.988453241380846
2013-10-01,34.732681030719455,32.381236225601164,26.5426569086828,7.626895020783681,24.435985590849214,28.844332913848962,22.814598522071663,16.60238960141849,29.82953900257554,26.048174983890718,28.53263370665879,36.141862288948865,33.557975790732804,9.885055346299534,15.45546945204577,19.734550243913922,18.72368925498987,21.395998179153732,26.719877729670298,21.6414873422225,17.90587000270944,18.958752705797757,25.591313026211083
2013-11-01,33.86102234385327,30.006672327094748,24.498824819360717,7.723215990970246,15.874039463044824,29.14160398556039,29.60575794876014,13.998073481679763,29.682717466981945,22.08682151067598,21.53841963202052,31.200071477963647,23.427839753769906,21.298210314860615,5.006761033120779,19.727299354335585,16.74529103520531,18.76147394615422,24.03983076812023,19.816631349500295,21.713217429167024,21.91659405477271,29.278540530108806
2013-12-01,30.75265076124143,29.992027693840793,20.8377230586057,9.102274312962058,20.899993511189255,27.82430697936064,17.51621277641082,16.95726348998812,23.621974799828234,32.503530906691076,39.98426983522489,35.88406907536328,18.697505014198615,13.556787021132882,31.148621397445996,10.769158090331896,13.752839492590905,19.277568625924047,31.502555682737164,15.583284357316066,35.81041799960381,20.44252859789632,26.003028402786537
2014-01-01,39.45952327346899,37.59893976312201,16.182922571497755,6.0295732352069535,21.202383251889938,29.807667842048925,24.59128762827707,11.530971404368998,20.011424719307215,18.086592701822912,26.322496006565697,37.90952005122025,24.709459321430675,8.867824109141305,4.013399814143331,20.71546479956974,17.79200260407549,17.396776504693385,31.06033512700187,13.741500898756408,25.742856270024333,22.422064883046612,29.86336932091259
2014-02-01,37.34420640605277,36.42166027230585,15.244716979811306,6.970821579657845,19.74223741399992,30.135453391917157,26.85177701373192,22.097968564410746,25.0195788367183,36.41117804995958,43.01692154664158,32.638245197088544,22.004975709726143,17.916790999054427,3.5903653679095187,16.065176863092326,18.35847615359315,24.216932087129475,29.77842991174949,12.614288881438762,27.266582346778783,21.08310403223007,24.484726913539056
2014-03-01,37.173290148371755,27.819851092119237,18.115937588186814,8.98522881295809,15.790175160103722,26.76207352178339,18.335467693019364,16.602558373764857,15.332007207893078,27.201986525367847,20.17471907025456,33.51067484194676,18.160262371331644,13.94273099866293,15.81584519132417,23.593046885325236,16.627431818412987,16.092780607045526,36.12633216615287,27.621769781739346,22.867592279000398,21.830209191529043,27.71981245039033
2014-04-01,40.94836476863387,30.240750324911136,17.138523756335683,6.9183501530970055,14.767294302773331,29.54144247190734,18.687832371416597,11.389014207595409,36.077901566688844,26.192068488104145,32.00407244996454,40.294520534786706,18.42569830366724,18.868153775052196,21.597325870566664,17.160195260931708,19.292091173786655,20.810633146946905,33.352540656930564,17.843046617282408,27.95522577422593,16.31893473194767,22.163749375939698
2014-05-01,34.2473253567486,35.96950285774411,20.74169299276015,10.16857859480613,17.290330137190846,30.025557877241805,22.329826331207425,15.319214951531054,25.217263892870275,27.630516704872154,39.27284830525502,32.33165802344947,22.07412882136491,9.136075983974559,14.752593057956268,14.623406552318452,15.819873517668361,21.253060896775473,26.99733175233315,22.07816862048863,18.17679245369954,19.336823666231783,21.53802839067563
2014-06-01,45.59202648855254,27.10078885841089,18.125719731561993,6.565805305954096,14.249341090778707,28.373648200400112,19.22561034658095,14.536437178503007,18.83298070277169,25.818991410516755,23.3689984916758,39.05175388765268,16.39170695387159,14.954384550131294,20.199329791385995,18.782342796875845,12.160714386199604,15.312571421020994,25.96949801740102,13.703709459568335,21.05040574489855,20.245499888383208,31.478066098215898
2014-07-01,37.65500359419286,38.196573618563406,20.71954952120258,8.466880258570649,16.226026093902274,35.625871230777406,16.856079856289167,19.047770418189938,20.327804199390062,29.198210488956462,27.660306522333403,35.26465786890788,3.3712383142773694,21.473297348248206,13.27748377045996,18.875662153331966,19.073554837098317,23.618499921995273,27.097843686567046,14.542263921081172,19.534463585481085,21.127903349218037,30.032673494549023
2014-08-01,34.00515048678826,33.6624655529056,19.961516493404808,7.785080504414386,11.285718712431404,29.43236118440692,20.342400799016673,13.3240400834107,23.98216667343829,35.179824475134076,23.962367754913704,32.50816493987364,1.6959736902359936,14.081434265753456,8.956478486576739,17.921993202988908,15.090732631870697,20.417425473535708,28.988126835346286,13.470940603238736,18.760050150548967,25.54321579221621,35.71212582601868
2014-09-01,42.74481383338304,36.240828971827035,20.717757368641838,8.027557050290048,17.628238903083602,35.46593433605517,25.66887409587027,18.726586610553657,16.353525522813083,47.31123674719161,34.664713556707426,25.893123338778707,1.9227507964930566,10.007685544349629,37.292797195507674,14.54071032224079,17.696236467023716,28.391919661883225,24.533758938335367,14.985203350417539,20.45338838019709,23.09538896108243,30.869586834025352
2014-10-01,39.59576690865136,27.73547594321532,21.119044694851283,5.7289523960096576,17.015254666920125,29.901871856954944,16.391690631094992,16.7164436371521,25.628568343260934,20.795736208125277,38.67827621834672,36.403898738304804,1.6048340630710398,9.079346276198557,20.28106315716064,20.38034907895518,20.535104138277532,23.077832000880164,34.23978123469598,16.396573183156548,16.616291849675058,22.113832282498645,33.97347406413072
2014-11-01,33.30016711740146,38.259459167361044,20.567767481235652,7.30575910450392,16.43743881516843,29.048304753245944,20.821783161949842,16.784549660176157,30.23979566117406,24.82487634138687,23.20459551620014,37.86600604456094,2.8254909965767907,12.987555649787309,5.3874421528007135,19.775928480230313,22.234597422327553,20.640196620700458,28.82003191200935,20.850216359075933,18.734406219959393,16.673919311539567,29.122118016057915
2014-12-01,34.972657212738866,33.75565034576734,22.20752833025244,7.125611904076387,10.76146454270233,31.73549159269065,26.935272127100756,17.97697326022855,19.28912393058335,17.051484070565177,44.95658587459328,34.899452357043835,1.8696663673111438,18.07454806734575,11.894198199940059,15.161666324890188,15.62592209123818,22.180205902480697,21.741703121055114,23.940595916895987,20.54289328540664,22.60881241490639,28.60985656099233
2015-01-01,39.455828425102744,40.6853431001715,19.583409564184453,6.098899249553366,8.347185674860956,31.49481668441435,20.456801455670536,12.0090343195815,27.39928362163981,24.431610287181446,37.72453928304107,36.55740132322726,3.6098481777671076,6.26044590302237,27.9251292962782,16.342301927260284,17.92270711305955,18.8085216295423,33.28378054725386,15.263662508586998,24.88388929122224,28.11064062047671,28.759284552496087
2015-02-01,40.60380835562714,44.107731004005295,16.85105702461865,7.397557459631404,24.52738976829866,27.363922063191108,29.926729362631306,12.099800673446842,22.385928414064484,25.258299793165122,33.640608671919374,39.35823746966947,2.762665269118287,9.41385280225587,33.47320718233754,13.562420048498131,13.591004811095454,27.33007776355911,40.12353053052158,27.144525477843803,17.21511654915151,22.51466741004436,21.607984777041935
2015-03-01,40.84929860794702,35.82995511804766,22.820868499501653,8.492999969580813,19.824530284502604,29.993336256188545,26.521197192333386,20.522512072129057,18.044867461531876,32.717356642122986,28.89590171730129,35.1217838351088,4.554061209748682,17.06804365399738,10.384440688395046,16.946869890906033,17.99448073101369,22.747440963247644,35.36448420338284,28.599235215439382,30.794627161259513,19.661911989468912,25.305974537969327
2015-04-01,38.38484004942634,30.385750310284035,22.432647834281155,6.244942610905451,22.167781380307915,28.390570700654468,19.759021909621815,13.756777370869509,23.307710899728743,38.04746184028953,22.61820994537592,33.818667075801734,2.039129471006448,8.648563839841247,5.004942258895169,17.98433613746024,22.712872625513363,20.667231656258323,32.64496812962693,16.48898349941685,30.839964798988404,24.00324556584234,27.70718198108388
2015-05-01,41.503960625569846,36.65690822346448,21.390308170484417,8.000005628528209,25.019237249001637,24.210922253890065,18.181741869665384,19.61398801421741,24.8648931944593,32.62106847511453,24.888154796451488,30.43947965532064,3.8582264558474884,7.428638270880409,11.686321376640125,14.373112387191654,16.570238454350296,21.496773130451036,28.228347803867422,17.51945994561931,25.881899632461973,21.84086556257094,30.136062463760812
2015-06-01,36.68167284903752,30.920033086388326,19.353863074314315,9.170757067534284,18.959188241593942,27.26140600672136,20.30118454983421,21.33462739249889,29.17104270931269,34.76855403222422,36.107505915410236,31.99349288650508,8.131801987646524,8.908796854401308,14.848332740160984,15.793761489142309,14.967186124861362,32.019712049081974,31.518647834077814,15.008013044157906,26.451948014853706,16.34687623464771,27.570221346622343
2015-07-01,49.3915954204505,42.65913878644148,15.25958467647606,7.676309349451,21.536976893650163,27.910868015955874,17.37358343926544,18.295922085844808,20.431634400197776,34.359195618773164,36.50877937429021,38.75621127101223,18.392311041002557,8.164387233626792,16.199915270049853,11.904470350562685,19.688773418024844,21.712969622400237,32.82377889226778,17.442884872250424,24.883017305474862,20.050305685286485,33.40320721572313
2015-08-01,39.32556715507054,30.974768069767094,17.346414145815874,8.159162715033295,22.955456820699833,27.781096249965444,21.52174115377783,18.413734807608254,20.460945259116922,40.16706753670426,21.57222533131581,35.18188378714373,15.007672903410917,5.320466885693199,11.412892344339786,18.44862403317563,20.151426380083553,19.351762348577644,31.314092699284366,26.00239403113061,16.219904310901917,23.135681672952916,26.9999404651392
2015-09-01,45.63713972346081,42.569693656602915,18.65241753252481,7.071377263147665,24.97575295948191,35.522641657019705,15.330012139182665,22.996444306141772,24.85347256943568,27.244740725881545,40.6477299950241,41.12669559609573,16.643510095268674,32.64720630282378,17.986136984527437,23.51022739234849,22.078487789091202,22.39936803888009,34.865967733304906,16.491399834614388,21.825645623568242,13.771587026396261,27.632045820924724
2015-10-01,39.423833021455344,33.06441999376698,18.43558893619827,8.658112357145933,27.49342682159238,31.719698127862717,18.568272388726054,16.798601768747673,22.524314111606888,32.72790110662752,36.37148510731683,28.947276049795178,16.75017905056102,14.849759618469072,17.157642433248384,12.54828568225027,18.151710280412807,21.36951913614341,34.76925738553052,14.648873301995172,23.33617127597003,21.829985280386214,28.95385055303157
2015-11-01,34.71671909930985,31.318020354688212,18.890886883041826,8.585526273369497,24.508610885102758,33.1063950539737,19.321078014267176,15.944657657185665,26.174681844852255,26.881867152529093,26.543057586466517,33.55654211467685,20.118238717386355,13.577408699128618,23.02315314753207,14.4334531611427,18.388986040589266,19.19472025309379,32.53231122828527,16.258326674196322,17.10945044550413,21.048746415334488,24.361321619447786
2015-12-01,34.434596350171354,31.782968122631008,18.48898573592205,11.485969903236366,17.944854507327943,34.15554500704318,12.393421754135206,15.649595471099168,17.84569676284702,21.645795991000835,34.83198323284109,35.85423707238686,21.44615347260323,20.387784552201243,15.338914412451878,8.969934947241057,17.80632213688618,18.225932295830567,43.09045268229013,22.343601699571828,20.558505845022154,28.357197305768892,22.661913085059858
2016-01-01,31.482167100496326,24.736055555487226,17.694573897969267,7.812096136439902,26.14820515446281,27.876822551010182,26.362291175736058,12.976461240505166,24.67768738813983,25.983649172731045,23.932128361122476,29.237995274198443,21.951998259637058,13.027613047691398,14.17495260969888,16.547149461233918,25.220602885699833,15.023389687300725,37.73242227251797,17.375886560227926,12.560725168269462,9.34455824592516,28.975251002518814
2016-02-01,38.64985240154558,30.975248338763,17.239107131013743,6.608015537172762,30.582481047531115,31.367928056297632,18.710212931982586,25.174090239575737,26.043919396685155,25.484743171078524,32.31938765197573,27.277801217067992,16.28124683893251,6.4630218352256,23.55821303360854,20.10212885549546,21.47848404689816,23.38072214824099,29.507207286381572,23.29168016316529,40.70458257218201,22.895793874169907,38.2425611909228
2016-03-01,39.51873088014017,31.63783203914142,16.71887480376841,8.459756789620359,21.296426163139966,30.47182221485875,23.008171948173636,22.699156400574935,27.760809955501816,26.035698208027696,27.294379485068006,30.32032988745306,20.656513486762364,8.43320469023956,11.839046845740514,19.00606752159756,20.356749223751088,16.42420400360341,30.293385601199653,16.83023464746776,20.26751499283711,13.055198908550349,27.58941027551565
2016-04-01,41.41047397285294,48.220614165376055,18.300445147369768,7.8168547964976804,31.78761419021545,29.111322050128592,29.47564306726089,12.53383034194095,25.675521223522242,32.67911245322028,40.56309299597323,39.54139461828625,19.094266113264606,7.966063954928455,7.889659091933825,16.705326811402752,23.246157348944347,17.971907233545483,40.18488272549476,21.554533979678396,22.323193283784626,23.334222873480673,33.878592014961654
2016-05-01,36.1468901700925,37.41389919821821,20.818526823705756,6.874767741841339,15.507434031596562,28.502307119099232,25.6789214210726,18.678664156557115,17.12324254298524,24.1406029137495,32.97002041815597,26.633414139127666,43.59478862999193,13.277662227825962,7.722885920077882,10.73733746011913,16.910702625928586,21.00325956924923,35.864357291760015,21.12604657671327,16.44721839729737,17.33710038367729,26.13670350754756
2016-06-01,42.19055852613104,33.80250612489726,18.458239155103747,6.147380797458254,28.334574669074783,24.125212338140653,28.32622044527901,14.342263864017385,22.07599765271594,32.37622693499317,27.15671615763799,34.74469365292064,31.281169443238248,12.331598502743658,7.532937695830268,14.267716732347372,15.464054646011897,17.669085618151556,38.69560787069388,16.21745954478708,21.368649685705325,19.03423780668917,32.03250848149604
2016-07-01,34.5248853023319,31.012036742490775,15.83215375914053,6.847983968864612,27.65257836463066,24.01377218799574,16.754535289560724,15.782777396572056,24.491112720627598,22.241415656699406,20.640233307026424,27.462135426497497,14.39960037641255,6.0334390198319605,15.85596688940158,12.43841105285659,20.748341042332946,18.468968657987194,36.849764795010216,11.769408979845101,13.353351789207707,12.551143500202079,25.35389227417773
2016-08-01,37.69351167991841,29.485540935859856,15.065246444197498,6.047039024705588,21.92544688415168,26.529878529397738,20.930950508644006,15.177172418471713,23.858654772029226,29.784080579403465,30.918521403065526,28.116574407586228,14.035206858437702,11.571781759620812,21.09430090787949,15.902210955613516,18.30011080130602,17.216248446316964,37.31863872330126,17.996322980815727,21.338095119788605,23.205970501196905,27.289858723194357
2016-09-01,37.457196772411464,28.740471762524958,14.778041734608552,7.9747965091655395,19.019218578595723,25.83905386207206,13.669538240593821,13.3854706427404,30.351566762995997,38.76098153958197,35.253724319302925,32.44744067477769,25.56288450953415,14.393944906059604,13.960338005070334,11.098462015448579,21.02146639342804,16.09062342546644,39.8090102556068,23.538966136336192,20.07540075685457,24.76274236391521,35.10059603341741
2016-10-01,33.14086875733174,31.10222631769382,15.414488147177039,7.964102622473643,18.468439672781813,26.59203071214425,18.25010373212449,17.85608779384036,23.167111108512916,21.08539741159281,26.555800779531026,27.19328861891908,13.038696229971638,6.687869034837817,13.160694623093205,10.99768875990503,17.139477474670194,17.17756308569521,36.00000194466701,14.60287775108923,24.767444315473245,22.255203099666613,23.078539523872124
2016-11-01,36.87647477683802,31.876194579971372,17.01579952790521,8.418623247022074,15.118152952768803,30.5223753024043,23.399802520893008,16.852211675013518,21.081349552340914,20.466647247026113,26.64332344167472,30.623234408546878,25.646577438535864,15.904228518257801,26.073743941995122,11.107906316180614,19.256814337715127,17.12712750833212,30.385886449772254,21.692706760290235,27.039989761356093,19.422310435176648,31.332377975387978
2016-12-01,36.0501136931473,36.40694622410429,16.679129194982064,9.277104586073614,17.865614531445146,36.9831356156399,19.960273329706556,18.456935077673172,21.054719151035183,23.28761342578245,24.666368465600286,30.367951508625723,16.37486585453094,25.767586995467013,27.87024033893017,10.017866432591259,22.160735961124498,21.207928663799475,35.095036667749255,19.294670032435885,35.35840360272205,17.89052640108968,24.66824583803705
2017-01-01,48.17201533370624,27.487907008315123,14.219949053190364,9.798321744742788,18.137033079909937,35.574203857883845,29.970842636401944,14.897112021561762,35.1817319128677,27.204717032930237,24.363597573180183,30.46358003863403,14.53136135269263,6.26044590302237,23.641186754575372,13.227926157755041,22.555677618043926,15.710947388763653,45.21613860763562,16.461433235365327,23.744838932437688,22.679555936338833,28.2206012266176
2017-02-01,36.435510637866166,28.640284753328235,11.75982954161375,10.332121189801672,21.451932409409604,37.830712511152704,14.299127570427977,15.2336650093792,23.776804827438017,24.38437267422654,32.05438824411157,29.93847891808532,21.757486139684275,8.989806483260244,22.440190558733338,16.113473437014584,20.00304346746498,28.2195445720652,50.642324555185205,26.66422659546962,24.12379519377128,27.11269830393727,40.204146258111805
2017-03-01,35.63642388488467,39.02634217769177,14.918917342177613,7.496225539875057,23.31203485085102,31.592965691044615,19.79670681235963,21.284557644904638,28.56459135162758,23.150534264841426,25.01331294361688,28.74969164417581,18.24849378474469,15.579797762303187,13.660671710880498,13.00081151416413,21.21742670493972,15.98416373001759,32.52611488392843,19.328574855792525,21.546503182599473,27.890125169604584,41.30509471439657
2017-04-01,39.02124522247614,30.367265561863263,16.254778340419985,7.678671889728079,13.904571347694649,33.871527769661036,24.745197201540492,9.200053092421848,20.847149766354967,29.627010632203636,28.598525643907465,27.213486718310744,21.363698030323512,8.332621386866263,8.223326092267492,10.120145915957481,17.819246641257404,15.46685638304397,36.27960002043939,18.708152735521047,18.071133990847706,17.602945847321678,24.405696553524397
2017-05-01,36.283893112994086,29.09712328061939,15.792948501981492,8.86629797320006,18.911537592169058,28.455106710877057,19.87306689804704,20.639113508528474,30.348427588979643,36.34215097445449,23.075770209709294,29.731857963024293,26.47185565259188,9.24719239279296,19.260904959714345,13.043670732736619,20.809109193877724,21.321270870664968,36.75488004957599,19.440838050344198,24.352683895678773,27.394907339155594,30.542469828216745
2017-06-01,37.522608774078805,29.809153331013444,14.26463975857534,6.954931154408506,25.7574506475943,21.665455903426828,17.451440577325453,17.23541402708169,26.078143080263374,27.61095943885303,30.37029053980842,29.508305292564945,23.35822252571426,13.289339872958111,13.758485155770122,14.186991030410416,19.716355987382947,19.243070380943404,36.91996299745277,14.902213218927931,26.26646831454382,26.179069804846836,22.5714145514223
2017-07-01,37.74927001958565,36.69806475546585,13.09286546397862,7.72246441892788,19.13058550288398,29.38972537380394,19.180327987413772,12.43390633310105,18.46299914672942,44.43755673194832,35.80826257261142,26.58929684263391,19.82158674158727,9.458549292881719,11.386897412814884,6.516938888256755,15.83838842677772,22.695292174920457,30.30525615569719,16.41070026406995,19.541548808306043,24.464918360608053,21.286854193107835
2017-08-01,40.241418922556804,38.88138824246397,9.764378040459167,7.368264813363038,26.32887762131794,25.505270230268717,14.986757852327921,15.44975313708364,24.938402436290698,24.26565969825118,32.336754687184545,31.32002352710266,24.5828016638532,12.966555381347218,25.55028141799072,10.138186750489506,19.06200545214977,27.436032997027702,46.96645123110933,17.32495836284385,20.314339934818815,22.554243655376123,32.799397139352244
2017-09-01,36.88195240253101,31.33998950736579,12.58666827711716,8.383690386632491,18.311364407096956,27.24602796453566,19.518187734089114,16.976334046022583,23.365379901207877,26.11127150438693,27.7166997758745,30.181281387495222,23.163077825483484,11.707762180157047,10.395892552939097,6.528585183416476,18.741113005772274,18.186147820628854,33.56306996251862,18.749951354755602,15.511428307820925,18.3947069880058,28.22254823712846
2017-10-01,40.258819938316435,35.476548098140334,13.240092694288458,10.958982766948123,23.292504182788264,32.989043386599796,22.828348870831572,14.931916184433126,21.376328317017386,36.99458825674524,40.97808922418562,29.773825041795096,27.150746513908263,8.221457265472111,15.899297905426836,7.876897318188478,22.814923427776648,20.238625026671688,35.95923421609007,18.01298606358016,22.21480431081133,20.940504761126725,31.883311728608493
2017-11-01,33.874197542097846,30.413471202716284,13.887195100975175,5.907321812550291,16.85130112299005,32.37597729477973,25.136210407248,21.07812480470618,22.573747930039744,39.44775299611735,28.283189024756172,28.76378304571024,17.408236976679394,14.271632462747865,12.089524638226322,6.684856796480522,22.667868571947427,22.950179591627677,37.979499657255495,19.522551874780575,18.60828764388726,21.359947770477408,27.232782074153967
2017-12-01,37.895282964174534,26.041789925485386,12.594446551072542,13.01256147713193,18.575683872041353,32.916681531254106,14.157826534514234,15.398762918172233,18.536748095757613,33.469142351674925,25.38693607548984,37.08427432480258,13.042463739897975,14.104059118759176,5.075845223524225,7.9962754189603285,29.458418331797084,20.11887269584351,38.66328108672815,13.848827934895198,34.30282679236049,19.82663524732795,25.59037117154022
2018-01-01,36.06588160036669,35.56986465667055,9.191847991602978,9.587052956260036,20.349281125882616,27.316703568865012,25.148923834865297,11.14819398541912,24.714013677904735,22.66575122165752,29.357353667967093,34.9132940315951,23.894210755843858,12.273181728736118,10.78489805913056,4.694952633216607,31.230427121931747,24.09583445645803,27.942152260862336,16.498327672476474,17.840251415794352,21.572172184451823,30.88061268936275
2018-02-01,35.93674528862983,47.339116332162014,9.682084283108237,12.8018964046623,17.245388160083962,32.555249713985994,16.230213198692095,26.10225817977663,23.756748455438906,37.89813435897465,32.34214543637198,28.499699139222997,15.93989556253449,15.475058097996914,3.5903653679095187,7.991076647442216,24.403405570960608,28.63693838448224,42.27462569641814,17.429192000982116,27.042614798768575,20.472416493150536,31.61897025612551
2018-03-01,43.252759090045224,44.49712162246909,10.568573247693195,9.387717046670012,35.93727624942833,31.70957800236664,26.597216962500838,32.652833291686115,19.09875443580928,25.24390606892382,33.307695918566516,28.02909836945719,16.981967052929246,13.468446703162277,12.2561687620316,7.889331818726137,23.423570622905633,21.45912694952931,35.3939542175617,15.68362632431876,19.9728685921551,19.310699260269796,17.80726620488293
2018-04-01,38.68225203267041,26.985714338316928,9.780639116443286,7.697699422861503,22.326484171785,29.61262125287317,23.93661876301866,17.857379364420055,24.12179825444787,38.062727037627376,32.787687255907926,29.076085978148274,20.705018400679194,16.698970101104283,15.13935419561988,8.802267553796055,30.074321202225786,19.83184114513163,36.77262959936087,16.462595661647683,19.225744031553244,26.0713825214656,40.8024199885554
2018-05-01,37.82063183395733,30.631258704225605,10.537468457215743,9.250746321452642,22.319529508775172,26.60298898430538,21.870300455043118,27.652311629727024,30.40907637152669,29.613753998997637,21.36629763568527,27.25875130595627,24.07726606866931,13.129879651598438,10.587421916324002,6.596797829275891,19.81035912255316,19.217818353539467,45.498473727558604,25.45205586718169,26.82993968817242,25.101002645161977,32.767807359498384
2018-06-01,35.13536658415237,28.474115749297464,7.616969121615224,10.507128137475867,23.993825330119005,26.89097678845862,14.161507539585848,23.474304873901456,25.46032037810565,31.42754958187415,27.011020410855732,25.376724437271267,20.335615171788664,9.688099406432455,11.426009992932658,10.997172829660126,25.763152350164546,18.215709133063747,29.88316910303588,23.63429166484492,30.70665632944058,21.776395303709688,37.30915996455381
2018-07-01,43.73931191671375,38.12394636155168,9.16535310574728,7.86730975059045,18.851618961637644,27.03857732517926,17.158535886044486,17.63507692016441,15.834672784841624,23.54006501835377,28.334083531441564,29.734046966642666,24.286623357293678,7.109208156721784,10.184207816466357,6.616280074103909,27.293785264929642,24.095467953371937,33.640482804959916,34.373112114523224,31.207734113515272,30.33900456458584,40.78537996910244
2018-08-01,44.51025248831869,39.00648012316785,7.598945367564873,14.638634942904494,18.439793088251133,41.09329918443904,21.83254670879502,26.746711669297536,16.04810818297326,25.639048075458444,27.443574658146073,28.53626588512137,18.40770322947709,16.136830017603383,10.258348008464914,16.26776276468532,22.934745120603917,22.78576373494507,41.651597138724455,22.81970736560468,33.41166633761794,31.482295412396798,37.15131937842408
2018-09-01,38.29106970914351,37.832950145808404,7.930849046255283,11.272125899842784,23.50222740226899,26.995903187930036,14.884757667356318,27.99784247261441,19.520814858821787,31.13303645534737,24.75833697392471,31.047311238295688,21.345320275233306,21.452082590021522,8.503836701992151,3.439265007248573,21.678087694542324,26.812368483960785,36.72333870753407,17.456647289424957,25.337601811231394,22.956862850054783,29.614274969831627
2018-10-01,33.766105871142116,29.303283254739785,8.246373543101173,12.6428997465416,20.13142843438781,30.377726945901617,21.247419687929124,27.457295308766675,24.12828442194485,22.787123898858027,19.579315134350235,29.110806877556247,19.104016367421774,13.940130668487699,15.188674034072013,10.035003861380304,26.379124558300663,22.850511268913287,34.3130585931856,17.222780163957903,20.396224256783032,21.929910093150603,35.70645795744516
2018-11-01,40.69225841862814,31.001008016809937,7.27520531437655,9.017277751604412,27.03360058988106,30.16179096493813,18.940570158738435,21.638217059673796,23.449123640034433,32.04430684215887,32.57674196470349,32.658990625729324,18.053390474842185,10.206591945524215,32.06725885942237,9.82165845862357,21.12684896013027,23.004895393462625,37.6869319709284,17.457580241030776,26.14782974961512,22.332555288610195,31.051190828456754
2018-12-01,34.819946591299775,31.386780388595977,9.8170282249268,12.324252052515652,23.408536381803852,25.271186710292483,22.136029971349853,20.335398483112233,18.56753651629278,18.84362177764662,23.195349661252163,25.759548152259594,18.542025402795854,14.37439393781888,13.282617162475894,8.762125976567894,25.41168391235433,23.686738568367016,36.52220392098781,20.02931408774868,29.256658701384488,17.33231066035171,26.8559076785248
2019-01-01,33.921248929110966,35.163073628938186,8.601830627225164,13.032935648022843,15.056620180066089,28.214920371775165,11.466962168972143,17.623833674039098,22.100414058003025,27.151308542737485,22.60110301344308,32.40299767105943,21.47405877905575,7.508189157658226,12.467312814893498,3.577654808085385,31.58860209724272,19.821345015309877,37.84919056302401,21.284872073480905,21.61823080555988,23.612119857578016,26.489421924817158
2019-02-01,33.00915150166437,38.74277730345512,9.07116813513865,11.276957157533074,18.131447536682657,31.28960487211585,24.96433405296831,23.132243188437837,20.849745388316958,29.009015803636604,30.66514098896482,34.655382165724006,23.797858798650235,19.378441458332436,6.63581086023085,11.17557824987372,24.437499597950893,24.91788410522041,37.59486004486125,17.85471479037613,25.146834872390095,22.00450513356204,22.27530257849949
2019-03-01,35.53909824943947,33.13584854319359,9.308476938796552,12.073638093331072,36.49268722031214,25.548806054125432,16.147870409409837,16.868072123008734,12.06837430249197,29.825332203565605,32.87097535831205,40.54696087648167,21.56723973138893,8.081162913441096,15.532399784517054,11.811925880258867,24.6340338429386,19.291000062912396,39.606357492908096,16.884994588659147,24.46652056613376,21.661814389568093,21.906232068983126
2019-04-01,36.44113245960149,29.565660403795267,8.779864451869841,11.170187255258481,16.407110869403365,26.55520352597767,20.275602408753514,14.716438003735968,19.64076260640089,30.683612725353942,29.106785690882035,47.432675522974414,22.027353485137716,15.009581353273925,13.228350519005849,7.51222683394833,20.28541003451617,22.952535572815993,38.542211383291836,22.680597250874616,21.394087753440772,22.06461590414824,31.080394141172327
2019-05-01,45.852802260272085,38.967634231565164,11.293434458155863,11.466488406107771,28.06016475786554,27.08739670219001,23.147091409390626,15.70790683321446,25.511124442377223,29.055502245895763,19.26273845098419,43.67565981212962,28.337929930846123,11.952043190781334,17.893870753475984,5.27835309971263,21.099739847616128,24.295782449014673,45.18032043667757,17.503013696857515,24.32201277957727,18.44157971706561,30.713255744486304
2019-06-01,40.67140537943422,30.476412489247963,6.37130480966973,10.6603254718114,30.83244587869416,22.931332114397648,23.755363288788303,12.960414377067488,22.66641703799029,28.973420092927913,14.869481897612502,27.412960796624102,22.78759208222837,12.001426832789184,8.02044298376027,11.180112683263648,21.313545843335188,20.85084700476136,35.97678454653559,24.215333834005314,32.724168519732274,22.5876920220356,21.806344316360793
2019-07-01,36.246064112945966,42.02434671891847,8.483600746442914,17.02121286662116,19.665209666185675,21.47250085074938,22.324687135235365,17.793205819427772,17.847468919533785,34.893871431069506,23.95026308635992,25.228891764105345,16.372844812288122,14.621680751293502,19.457177853589766,4.220639664140075,24.40953016999036,34.484281833594714,40.80505005171858,12.755458664582324,23.9000164756905,17.267298210532594,23.385965212986008
2019-08-01,32.489224380289336,36.534910073679406,9.369304176194754,13.280974224338685,29.73395854079268,24.909485658268494,18.321050662404534,15.14371493292961,21.265224621543798,25.672742160576217,25.68920063795609,36.239337580828966,20.389684743375618,13.836820124652958,20.51693536643502,9.780560734979444,19.5162557702433,22.445080014009044,47.05133440232791,12.768483118635285,25.57402893569418,18.966826663229128,17.160399516120453
2019-09-01,39.01815866251806,31.253348482097582,11.47468013919896,13.013289604405523,14.811817550472455,30.91479481307751,12.455473967561616,14.861296683632068,25.773765798205407,29.561691357390533,34.35617329416561,31.341413662608517,15.47357230883461,11.690633796876128,14.55217347097958,7.212208553893056,18.93500721601089,24.474772107359918,45.4442726484297,16.293989800072602,22.085424315358786,22.67163345489167,22.23155748202322
2019-10-01,40.05216700099803,32.74052057425573,7.3663804089732645,13.862436454062468,24.11078878702015,27.38960417135004,20.22655525871921,22.79009102987166,17.76450885712298,24.627833393064606,30.745709929340208,35.739568479142065,25.393816635297775,29.53124086777755,14.408606355208995,5.465326992441319,20.774512927839986,19.199361154070743,44.56967692807929,14.889775157906968,20.630358311654852,20.167092974290092,25.20157926302678
2019-11-01,34.84815223032775,31.34778348860202,10.93879265319975,14.860494808315018,22.325213391870662,23.728706762241988,26.481779306624162,16.4389091032619,22.090747962416817,33.359648537996584,23.89123291279587,33.269648415809876,21.459654532293424,12.347143754972336,11.925582730998654,11.61630548599418,23.23431090769519,19.673206841268076,33.193088820917225,18.946412096457532,17.63232045090256,22.80359802555447,28.189426863654592
2019-12-01,40.53905320045082,36.59775186929303,12.632046916303501,12.152765016387802,17.44556670719597,24.355259920458366,26.939937191961466,15.685557523777655,43.31407781079784,27.417911557698925,31.65146443659962,33.771062808255515,15.946216376646584,11.557687021341822,38.8304416665819,4.288233394740841,25.012108228971666,21.553226991172245,45.770867061841884,20.25775151314051,34.83080023080772,14.779460961869585,27.014790107949608
2020-01-01,33.2519558554767,40.71276068775507,10.217191548461821,12.715445702584068,24.225067722151977,29.41341830077756,22.131364867126553,13.573574393137134,17.580103356057837,30.30501058372674,32.1219173756061,30.083579168119716,28.78297706284284,8.815795926541842,14.894889629761288,14.950143089157404,25.44822364760865,24.10556865217465,40.42309094437523,14.362025715584968,28.978953692272786,34.024577555677844,21.061829994457423
2020-02-01,42.86952905454719,34.82941897689688,10.653181700018314,11.828456883257376,24.207117357903595,28.875437514042563,18.95321865819503,18.77863785732484,17.391062329938944,20.143650723525067,28.708167432617994,25.070597241103982,20.841929493499908,6.911979520181688,17.55358822351107,10.097287681773434,21.140760831505126,28.562115587088453,33.80985094285741,21.58360300553981,28.35581668883598,32.168586615042344,26.90164838214664
2020-03-01,34.870578056379635,28.211359801331415,11.10714880937146,10.011109004880263,25.521724056934946,22.77300284495188,17.870653130547172,16.149958281143004,18.017694263901497,23.608671037992107,33.586035805512545,20.718005256162012,10.617132272287389,13.613959999914089,14.359430287120253,5.3491476823018145,20.592098525076096,11.129963754707777,20.104757653325816,11.791304054221637,20.968386166645605,27.837088237611862,20.93742173478137
2020-04-01,27.428793624207998,28.101196394851925,7.972731436327674,7.637595335340536,16.72814891206533,22.751267146518515,18.706343363276567,18.289387362385032,21.819075299114136,26.784744241287896,33.2748639934374,24.4532813860215,9.587933086929002,9.16696620866754,9.527667792383953,8.293281425625837,13.722586779626809,19.568113393542255,20.57407636019178,13.970998418075983,26.030633032566527,24.39790707843903,24.87630518083257
2020-05-01,41.42579951072157,34.8439608908062,15.12817061244334,7.885527329718545,29.925668077263357,36.25430858568105,16.65258501467572,31.601490839096765,16.95516474536129,28.146856055906053,36.62829710320511,30.30163651526347,14.258919214884717,9.003903756883249,15.428647992552918,7.655873626759508,18.724445516204668,16.130865879362467,33.04624649760429,16.45904355002843,21.794259968337496,28.32742801724479,30.382574128279487
2020-06-01,48.7703709407436,28.29506281483612,12.314760340353951,11.174743555633368,27.671997458929894,35.67759848324508,20.82103627062828,30.457820032013426,23.443179912519458,28.950594155510473,27.802938192266936,25.075109287641563,19.635456825872435,18.40775406185994,10.72406106721983,8.594962657223078,26.83946523783671,25.982018182089128,45.576461523287435,14.205713996518721,20.81657726633972,25.923924047595175,41.264578075861046
2020-07-01,47.345165298861495,39.750901408687774,8.816092410409874,12.891085734123514,21.613810363784165,40.349344786060264,25.94677176411051,19.234945788185133,20.075866241337227,33.45154961931389,25.010854144936086,30.723626498298646,18.813362136686308,8.011813359950054,28.314492932577867,11.770396078286211,36.55307859517383,21.356326877605834,41.53798022440903,13.651331441572506,29.08637304610272,20.009874266278192,26.817148652578474
2020-08-01,37.248508445184825,27.55910831406275,12.98733026489384,10.79084912511658,33.045652118917005,33.26578392191817,19.26037504477066,19.420484274669864,28.570783384503443,27.02462171916321,21.927697399270272,24.595064118821863,21.003013568450896,6.85401285986108,16.682570464055008,12.190437078806864,27.218620324946905,24.418627679298723,33.90208210393694,31.125773324020503,28.811933681116823,16.609054293332495,40.46431742108631
2020-09-01,46.6401386764089,35.008453135691674,13.772243073865207,10.214100970163857,19.330511962387444,39.237846395299144,22.27870764534055,21.12748875010772,25.68824199407864,24.29402214950511,24.92253976548383,28.74376812930618,15.501693774049173,16.40731946331858,14.717609265350825,6.007872699684869,27.22918470524947,22.6891311820737,29.677096689159367,21.940682475336036,36.33532623519072,18.846486727506097,25.825115307016166
2020-10-01,39.65907233934789,30.732712938007055,12.738125457431066,10.332148401380921,15.137372035596576,30.61118438605234,23.111506533692474,19.559661509529075,19.354334390935957,31.734845038860772,30.801880947355016,37.20825322319626,20.14035954073751,17.324242379541996,15.007934417806508,4.010876836828078,36.39993883870177,14.234543879946305,29.05981774153708,15.810879343478263,29.237777021261838,26.401281233014082,29.32577225562165
2020-11-01,30.601982186474206,24.724729091223576,11.295644393034692,11.013442687789583,14.82318432107065,22.343823531408024,23.288852170476606,20.75851195005239,21.988795384738882,30.764598070180664,25.89230475536481,29.941177322512647,27.55519819141081,10.384078673542179,27.328946536120895,11.140905928659018,22.82957205690735,15.11516201631726,23.14256885481478,15.212660698649762,34.36556330198867,24.01953904748342,35.24964082593378
2020-12-01,45.743827657597784,26.57626901662307,14.130956053321446,13.146632431601063,18.23450759027821,25.46323163041176,22.779160637832764,28.895614377414105,24.47316032816143,29.022302809324717,27.542804411236933,30.17018013325085,19.99719878703627,14.319775730375639,17.586656386647547,17.38274798663589,25.002699632074098,21.201008333411703,37.965686420390455,19.499149779824112,29.54483183408113,23.05145288842408,46.18045835395602
2021-01-01,35.18782547816266,25.556695757388017,12.22732669421182,12.518963764201281,24.85179001830298,24.40307477052059,19.799143959211474,14.879236621905555,31.04970754721278,29.071247645338257,34.09687404360064,38.135758834402914,30.10848257652842,16.35073287064579,22.714069537908102,12.758825352389708,18.14705691658667,20.130446115811523,44.824461554136356,15.872314006031235,48.903720355424824,21.549302905024838,41.89747374327666
