date,Canada,Australia,India,Pakistan,Ireland,United States,New Zealand,South Afrika,Singapore,Switzerland,Austria,Germany,Bolivia,Uruguay,Paraguay,Venezuela,Colombia,Ecuador,Peru,Chile,Argentina,Mexico,Spain
2006-01-01,40.214314393658434,14.774686811523246,52.50341824870342,22.346065191681493,22.671070738992444,36.961484846098806,26.108601006337192,13.282475717517697,26.655982770690297,27.127650785224716,28.8980517509209,18.272721879997793,0.21501765108616203,10.324768937144617,0.4467674043322494,54.078660435669406,20.086527233480005,27.592192821275308,10.035143329951945,29.29659991733609,7.208424805997955,60.50528560654558,32.03742991956124
2006-02-01,31.837677263823473,52.23247689043522,43.76432228801194,31.67152537656755,19.53864902813609,29.885961049087648,16.515558711609383,36.61384185774928,18.318625107399242,32.30116555772414,36.026185166385424,31.370375249383148,19.95867574066638,9.654420173568454,12.933780176475898,25.698490410274054,40.51409216452324,22.85768052779805,25.84277672996016,11.488022171914938,9.56085259224619,47.33302052042835,25.959434325112017
2006-03-01,38.61278527055545,30.339751630523324,47.19768129616966,14.066232422567005,38.22754556638951,33.19550382572528,11.328715992063806,27.374007800996996,14.142816981737399,30.183059756872442,20.92373407750208,18.809316947729005,4.92366385113366,12.611772169022897,0.4366611813474444,31.793007872238498,30.429050903280547,14.373232477687433,21.498459554883983,30.164324343032654,19.31118524456418,60.61210787302906,29.821140082962437
2006-04-01,35.412810106760666,33.595657457780476,45.223028601915786,12.902856664606364,23.45575534101072,45.71463846376733,25.730029068786497,18.550688351704345,18.58930570816931,15.280213135653883,13.25431060415834,33.97579331132277,2.8729701868063104,16.94546802555453,0.42569349330305095,20.57651311845138,23.002699592531066,24.5523602067778,20.35080775362592,37.960751559027045,22.639619971128333,48.98594207094909,36.51781651575329
2006-05-01,28.865036038742627,34.97647093656085,38.78337245850015,19.525139692607297,27.7635164950037,32.45836372703943,14.353577293968723,17.458683907662063,14.624008668225525,23.16396999122075,24.863135698374673,39.22287131166576,20.4905046514227,8.081503497521503,9.606692506152534,21.214648610936216,42.90804952536596,11.284614378945854,20.424707787207208,18.713270385751724,18.24117796995616,53.956615395930534,25.012969709266045
2006-06-01,38.883524869083494,37.109375982596184,39.261668982059106,33.150870997583894,30.54155730179856,37.754748045895695,11.499592825500804,16.612849806242092,17.82488160289735,18.01392617254313,20.42611529278444,17.870653980797872,15.955694686962936,8.624444545062929,12.92184902498523,33.98825886399213,23.146263074575614,12.122464620190874,15.205252037524833,23.644803875569906,20.134704049469068,38.793601438964984,23.936174301108387
2006-07-01,32.22282327275803,23.390369159192915,25.863644361826967,29.398478915248194,19.649725323188687,29.735060934814395,17.988434946623293,22.724541827696513,22.766735476724755,0.059201373675353615,19.64918394195988,20.49221719389768,10.640022427297811,14.44910645703333,0.41669348355109015,17.788883428345162,8.523757601678234,14.453916758847118,10.195821608582849,35.49230236131304,19.65088227401639,46.81729556044136,22.916842141740293
2006-08-01,33.23607041462656,18.48487693316978,41.47942791879727,19.899248294208014,33.147521059887076,31.43631324797972,29.255554775276845,27.653142242724808,16.205933780730927,18.218381441434154,13.252725495028464,34.847669431963546,6.240270190465683,15.16379799366236,12.940374101902746,29.544944350782867,24.318810146015313,10.11496313981865,21.282281765010133,26.68311223897381,20.555725624370172,39.97437748814211,36.86121064213688
2006-09-01,33.48204736357833,33.72364048029079,30.870121309915977,28.001181462860345,19.056938346301262,26.434559295138207,31.223053337665597,31.991381889744755,32.75146960512983,4.284182342822377,30.480359423018815,22.081407013290008,0.07303201513923953,3.5183097342191463,10.115633630789992,27.56817350585763,17.418117813660977,20.548626539641283,11.62819746431682,16.527153959331024,13.346193375441377,51.84667743952186,11.711094329873784
2006-10-01,36.07509043199266,28.227846009952643,36.80280173570457,17.49263049468678,23.70110933775883,30.103210965837462,13.168014106631695,13.208055129354122,35.16758607838396,6.510080062317642,32.59840894562266,28.663600585856173,12.738527791934246,5.1518520518653235,6.347712213663318,29.273792686800938,31.349687209486824,13.68283796952852,23.150443871087937,25.50351099313213,17.04956910502212,45.36439318468008,29.018911210686195
2006-11-01,17.72176739550439,23.560133402240638,39.23601288757641,12.04335641333727,25.741825656477634,26.668778259490473,30.18790574852709,18.792913381598783,37.414824351974865,33.391878225885854,21.01588059112883,20.241461445020533,17.13160326890945,8.523790555651498,0.3983347143607029,17.839233532366148,22.841192206266964,15.523920444652793,28.7321388061079,24.114708428854534,23.5890472860307,39.95178630334247,26.461015767692874
2006-12-01,36.44650135534085,34.11306078341048,41.91016291774652,11.175952540345232,26.624262455984848,33.915475415369954,41.99524385571852,19.765159337760903,34.27808104529596,4.490458790659274,21.57079408147025,12.37466496228562,21.847569937845602,1.716543414520518,0.7997717863123085,23.21411568293456,27.05567170841561,18.46977235559994,14.196409325685423,29.999242032080325,15.775069264432352,56.812293890479154,22.751811837786267
2007-01-01,26.817623820704657,35.66618072316797,38.135499708960175,8.808649026928876,18.86701837478176,28.305857691533593,22.64727932636254,25.35023822015806,31.58420491979643,21.409198267603056,27.160648137329492,25.129027408365904,8.412620261059132,6.248548245257384,4.4307117577265185,22.708719950474322,28.213337624361365,14.539845136972048,17.128941085470558,28.668126430366236,22.54243624098566,30.770710200998725,22.27397173638918
2007-02-01,26.3586938780866,25.304579539072332,39.07925134138694,30.473101691823885,18.702032442567024,34.877953434653705,38.64313151575301,13.72266015745174,14.804348045380324,11.82546796813272,15.629187602614238,26.22605803310597,16.237118012377774,7.672739160799043,12.341180068023535,19.06180428981154,14.80027670194375,27.564797103762647,9.267108731625346,22.13201314279697,18.184603054697376,38.84355905930652,30.29411624778313
2007-03-01,25.252814110989476,23.56726221093107,32.18696608061117,26.833061709828144,23.857872815372343,30.068051049141825,15.18911563901301,18.11512462503841,22.27477667213481,2.5034826917778465,13.276820659733252,22.80017275948124,21.51661435460517,6.413527375997496,6.728363040305891,21.906901838410676,18.833991416828475,20.49061612365048,23.082059045749496,16.794608995831208,29.4875096841895,34.89261942459983,25.969350123870225
2007-04-01,23.184935677702033,25.786844993469558,26.718092999495113,12.772236401908462,22.10733353134051,31.678563299547413,30.432542962477676,15.04826446724088,17.622316647978465,14.009508789440204,13.25431060415834,15.464710716531124,14.128680997360549,7.25509266421281,5.519082667432539,29.628693647207946,19.32542933461437,38.565412726491054,14.870367674091721,15.119454997010328,30.7877734184031,43.57948290499358,29.350866275524414
2007-05-01,29.354952686998224,27.507460578463412,30.239123915528328,13.922902497034425,39.99108176443838,27.666164122732674,19.970422503212163,13.701718794288029,27.962470966012216,4.110601760996405,25.889301808181017,14.227123399163817,16.822856243943168,1.826883068740346,10.417741763122415,26.11147217329137,19.845084240693744,28.446405474613726,16.264612314097604,19.49351661061541,22.01962421020556,32.598756897770535,28.139583999419038
2007-06-01,22.328837981109544,20.777220904261384,31.13020999794035,33.67328479834932,31.81072146639342,33.56493898383023,27.255909613163233,18.676029076083903,17.91321513134598,6.241148927879063,18.20437883171652,24.41741152997962,14.7035914802235,11.595018669394726,0.4249454239025685,25.088498949698188,16.748803604478613,20.030587362870293,15.042317444619808,20.327247758907834,23.39460242209278,39.40648308349943,27.38748514696407
2007-07-01,24.639035388239325,35.92034507685494,38.06798295442518,12.317521123345943,27.689150023014196,34.214799848185585,13.963139790493774,23.768451732366536,37.11032033838692,17.672903177694508,20.283231019377048,24.654956118884197,12.538354744862751,18.5613223378054,0.41669348355109015,33.879416623122495,30.490355037795986,23.753857605771987,19.69622727603025,37.88731413229907,25.887907548504273,39.438095146024544,34.36279755284632
2007-08-01,19.72496531531942,33.24962660083182,32.52114216729298,18.918085452666368,15.290414592960875,30.393644990775414,11.587575740131822,19.276335452143453,18.098822340198204,0.05983312730217905,23.84430067757359,15.834570678952327,19.42818841764166,33.62945027118482,0.44420316419241573,16.63960210290484,15.170505995226758,19.91209360241316,25.831990574356457,11.006457233976867,32.055191416001115,38.58142374767052,29.912410369292427
2007-09-01,24.844834677946164,27.286599240195294,30.129009798602038,19.020320557951734,28.270878123396788,31.471405463947978,21.671359548891317,22.650340638355587,16.11293510145706,28.613397455748956,13.294048256519751,21.157236064487176,3.8183848329536088,8.190849797067047,0.4624820705556234,17.995497198649417,24.148731013726053,33.76526441845461,19.117080014361044,19.874660704716373,19.366293450271357,30.07752435185419,32.93626588336885
2007-10-01,25.51520242902366,27.366478723830586,40.22090854883515,7.203103967335199,15.135062373980174,32.48647350526008,23.175138131186507,33.78865118389603,20.359848798142767,20.926598145087173,9.417429417941841,16.369388547209454,9.268666357450288,16.840892980729933,3.053054735308892,21.572833560270077,22.60234702414957,32.550893678784384,24.690965401604945,22.73640738989483,30.00748246676492,51.901411631239895,30.865052329867193
2007-11-01,30.013025501022913,29.31817863984103,36.66951582440842,16.68648507211122,24.11366037298941,29.788797634149173,25.071649014243636,27.001741516225014,14.775288458107388,16.657381106650412,19.350743595439873,12.837047965430164,12.886803975422364,6.69606746989505,17.96326698247917,24.3019524285125,19.159579769068507,15.656075518642059,17.42244284944906,24.035811796843078,27.609079729117706,46.29625907414554,24.56554181424981
2007-12-01,30.473931287036553,16.097007010321526,41.15374025224781,11.53053273477897,35.37550715919213,21.791499233521474,20.544105692578245,19.769710830952366,17.24473577842256,14.93905275018284,28.47783014064389,19.540496543764643,13.58306363540898,32.120328906290624,7.417982692214904,29.524839742785435,14.300119161285181,32.754876465635185,21.37288269983133,9.53178778129736,19.493026327286955,31.22578143064759,34.107050473577225
2008-01-01,24.933686525140878,38.03777591957565,42.859618273812785,8.836094703710131,18.246992606929016,29.25043823389498,11.95175254087657,27.773157291301853,21.288834289202313,18.643727135506243,26.444696842121214,23.471771038199066,7.415104060283495,6.762107640736982,12.831249993209413,21.957647580317325,21.074048742099638,18.701666594155313,44.062342578020605,18.24074776812011,29.144862095031765,44.9102453063002,25.347141310486563
2008-02-01,32.477288856291366,17.50269813645039,31.704692614530554,8.577733487285531,27.11884420395324,27.11892461260485,11.702890579503146,16.70832496792937,25.674070480407728,2.4789466897312047,14.925297353997456,20.41351589586989,4.925201918421626,5.458458773951695,7.459535010528517,28.87405371158268,21.658802656965854,25.07759196454135,20.895844641844228,22.003064982504487,26.214943098344133,32.5514294706971,19.956667451003913
2008-03-01,23.64570052927096,25.401445440029622,36.25595216400873,10.601022992157404,26.88340277294244,25.31795567435335,19.89613265896179,26.600760271466097,18.65058535635873,20.20790699849903,31.510824505929904,24.315849552589,19.102460637630948,4.633705411378798,0.4366611813474444,20.948831002009907,20.191783625684828,15.72034912191091,26.57997237070915,15.085145209604217,23.969621142226043,26.8349163040562,27.592400357104157
2008-04-01,22.13376818127354,22.887876855530497,31.10932855376209,17.46695128839152,22.099161107463523,29.650142884906405,23.327685923830472,18.97665179539761,19.543953913988446,29.10019338432983,11.034622609247185,20.913200587478155,21.809043745491998,18.163062136186593,11.596185658228544,28.631230148347907,20.31068230368148,30.66262230040119,24.959568288503682,14.355428269593542,23.752045727832574,38.116506469128566,28.696175240119157
2008-05-01,22.769443395927574,37.98134279423698,40.32831062604377,23.999372106403975,31.421058770363963,34.29128116607402,25.8101336500325,18.242887316221875,21.530967035964967,26.467570671397183,13.24637592057953,25.785681154609637,11.946635422868724,2.719293976984741,16.67461331715456,29.507867301458884,14.220724697895122,12.52260158687924,20.61885858945888,13.967830493264046,24.43057250596495,29.214637048635257,21.67954813080676
2008-06-01,19.587747314713422,23.4479385245895,26.280520043050082,17.968727786510232,20.148960519468233,27.882074882484357,23.722266372861668,20.025421377941342,27.314685903093917,21.306502622102446,26.376291879917172,22.077960472301573,32.22701987761004,4.2246552291166255,7.675291952952527,23.59253899211905,25.224757173322963,20.87114561603288,19.54046307220708,31.170136779790443,17.43882447856019,27.643108664345142,18.85465269886106
2008-07-01,18.02426086214945,25.906197603110392,31.941384551480407,31.152450899915998,24.265002518301948,38.06781936497491,15.887900345791069,20.979783795705416,29.26274252038765,13.86070254928943,22.232545214838336,24.32895100124841,26.326471589631335,24.559692753579593,18.318208439046217,31.179337581432367,17.09404110751275,20.42911415182147,24.269094976811854,21.507176700583752,16.39504809524481,35.70078331128761,23.04149917647598
2008-08-01,24.86837507027597,27.64864278576687,32.29855910540001,19.698875679463328,28.60938948763552,34.1254843174462,23.282394962318406,19.261948620613232,28.361743524535626,33.600474418694134,22.877993951462035,18.42247295690768,4.009384836441257,15.42750894486085,7.546240835754086,6.541183247764765,20.380743951098435,34.45723194232244,27.40318776776744,23.52591016956711,22.096186314137228,37.633647735548266,24.95132694631507
2008-09-01,19.63843461530497,31.81236785287384,30.871115561957893,13.486430796764886,19.75356246035333,29.1605532257184,24.374302846883268,25.624892615917425,22.15089426838824,8.484336645045074,14.792556925251011,20.184210272519024,30.988107390235793,15.534952527923332,7.592052779381127,29.839220318099525,22.10573661410772,13.973182519338195,19.757290084895185,28.05078972252113,20.97556632742471,32.878629941138385,24.550234890115362
2008-10-01,25.72571305196642,32.42137799845089,29.90123716336435,28.111821434005304,24.57824258379515,33.98912481703691,30.94971584389976,34.65044672455912,30.945133021667345,26.00235276338327,29.638570343793504,24.88126720826017,12.283782103904326,31.128150122572226,0.42556539632123735,22.49517721548584,17.775188429775493,18.578129202686753,14.761936555624947,22.519147281820658,22.427170428124686,36.25882607389442,23.364653578943987
2008-11-01,24.63429047119384,34.278899063905094,31.919880110388785,11.00005865579963,24.828780237243034,29.696486988917027,19.292074302107125,19.43518989353545,9.644462671648894,11.30514254428507,22.41593604816666,15.471420347866681,16.13600372697566,9.5450100603186,7.200857233558697,17.647618091014785,22.050533583670408,13.352055306837988,16.019646462254478,20.42280788142122,27.614835967450983,41.09984472201999,26.95761200444202
2008-12-01,28.092169827627153,38.48366037327087,27.623212217752027,15.692216572299682,20.056219243315006,25.097471080848607,12.294180142123496,24.259637625203442,18.682982738599918,10.911991375075898,20.069152873856293,22.60628462895981,19.912419101239852,16.263754923918693,4.134778520592397,18.414504430790945,15.154097962106581,16.177063872468047,20.63654167536236,21.921546931037238,19.54984066576376,26.554199305212148,26.775964873154273
2009-01-01,16.978397040877717,27.45437944825699,26.020842355470126,23.202013402578174,29.143022516980068,26.03328962895062,13.571293983271483,32.72383825833732,15.38242505416385,5.955079171908504,13.550811676220695,26.835703038094653,4.061350875573374,13.97790902579881,6.086981941609036,24.078938837861067,16.529814988894707,15.917787482172585,30.870405225441953,14.279813609765332,29.55226724448018,34.61894785238913,22.836047070844952
2009-02-01,19.8576692658387,28.828779962878137,30.362614628811116,11.108431465709767,25.700680171420647,28.93089666892947,16.920727923987915,11.725094868788867,14.368961389048705,4.13479839496321,27.071542034084203,11.233754955849838,12.02885474324213,1.389388547197168,14.09424531502768,28.899273646360246,22.437410062944892,21.856952238197035,38.68188629053857,19.12284284609158,17.078561060187365,43.582362817084004,22.740624907680093
2009-03-01,19.861475524982115,20.42102157053459,25.02659622331888,18.223791101139927,30.950098456047453,30.017697552917248,11.468308803322754,14.704697501999583,18.323186718386467,20.6233323312825,26.47700945711045,17.84348193125722,6.384727948430864,2.0124281655056753,16.305247351704583,17.203094753512094,16.421407999846874,18.419065105803075,28.112668723966124,25.73261087110176,20.787538357892526,30.80537597528347,30.559167499240242
2009-04-01,26.106190628218837,26.42137141381567,26.027807285631095,26.724592758781338,26.62411273151805,26.952954048536924,18.531117916297852,26.02809474816179,20.92783113153431,17.70788429745155,30.28329918157245,16.19778230659956,9.733200874976543,8.286011619756902,19.646954078616588,20.19371459605825,18.207521829394544,26.00852802922184,28.115988492160778,23.490597250544784,21.894200156785942,21.28763872002568,26.841558634571903
2009-05-01,21.407878601859426,26.002170869808012,21.660229010880297,10.44051928164616,23.977865684257463,26.046005684887913,21.71260529193526,20.2355110627361,22.49124618824601,20.246200617525076,27.13164533822147,17.347353723244186,5.6506545986334125,9.412375788817702,0.40736243038164727,21.944924606641916,20.916386317661065,18.788047998728153,28.53441118634502,20.718332908461772,30.668967816239338,30.324697577252902,27.1878946687017
2009-06-01,25.76306817552223,33.35318823099061,32.30103542862469,17.489782603117366,21.46383930293491,22.771051720369943,29.226471885138903,18.330398427479793,24.65064128211144,21.39103929345391,35.07974092609375,36.072867587598466,13.731724176518993,16.23543500308726,0.7578517960602353,20.87488751380003,19.73049614780269,17.25599110494738,28.432209474595368,22.06880744472774,28.794936008741114,32.832007955117454,28.62535639355786
2009-07-01,19.726740937473334,27.866125092295693,29.551950802124132,7.405735954864399,14.677931451738962,26.399280188322304,18.96303309210962,26.31182373524831,16.18299303246903,10.932737660374897,28.52336890441154,29.92583790839207,8.439800630069627,16.980915708209963,9.801469794438837,20.46111331128464,21.00826159404846,21.482672232257492,23.257185616572094,29.551998981372606,26.160656547875675,44.91787910941668,23.62330003027882
2009-08-01,21.904127108437578,23.408311156584777,29.228063675219275,11.074665879493997,20.36969807472445,21.02071665661658,17.502881080005672,19.31350382077615,9.097193535115895,10.638412464229521,26.96255130529022,35.922272547875224,13.589296693813175,23.073233671854126,4.837057243668556,21.145667054801642,22.807047434612585,22.032003431625967,19.354083372004155,27.25214379526589,20.6817925354257,29.109542365945636,21.013421741722304
2009-09-01,29.171139227722907,20.49110371382283,27.37336784669981,8.776912576120784,15.524256699498588,30.47307923295519,15.327623643329668,19.126717422285978,17.151483318723372,23.193712892840143,20.075316265010738,22.21595073540942,28.485869395098295,13.609634635881724,3.92523583665172,15.139429555328572,15.554355533972181,24.238239480916004,18.641347812225213,26.466313359850062,29.347153577841247,28.62918647226591,31.229688044062378
2009-10-01,21.320629284036364,31.022692681643072,22.846747673730135,10.08268572000803,28.463191386336007,28.909463607294942,12.522586735423292,19.184617536531192,21.38018938730401,21.152559701489274,22.882899885392543,22.52211038895831,14.034589815026177,5.853594319299349,15.847586256175022,17.315342795261742,22.271137457183027,15.237950497195976,21.63631697393974,28.90103967893585,28.453558323657422,34.84302099256114,25.975496242321913
2009-11-01,24.197469617121097,29.055248716401863,38.81497341095331,26.203172060884235,17.553706505806993,34.59291694310627,17.75535330429986,21.743024098403502,11.289260972772405,27.565483877705088,22.284181623864956,23.794918051965624,12.620081958827777,19.251429112382592,23.99950375628618,21.29928069679485,19.717035977227113,11.879726520823768,22.27837520354001,25.54998235596589,32.03902970493688,30.396796158625637,22.762444507352523
2009-12-01,19.91885528757891,28.31599856892363,30.5836450053583,10.503904087213066,24.478162236901717,34.70463082258177,14.427544037783854,18.15365908170165,16.03602874761807,33.58305277698696,16.190744318470028,23.06616435863853,13.163895492129802,19.848797090438012,4.598304529854257,21.072969229965846,19.47230322277725,9.922244274916151,22.556935440668926,19.12714892223124,26.583419158886436,35.06039447345991,15.369360296358963
2010-01-01,24.21789977518919,24.58032619462227,32.261395080329656,10.001334455178146,8.753023439297968,38.25022037544107,13.534220518924926,19.160949315516266,13.471198899336397,24.996147893397193,28.538764804627462,18.81532813897937,40.13464099606747,11.452473161996737,17.147667558656018,21.8927754703733,20.503331988132036,14.564000407064379,16.329378693758137,26.264466648695542,32.07233979957199,25.699769360082872,21.789291455018528
2010-02-01,15.689117119540434,26.052081989969192,32.48963990181966,22.251949988156138,19.414720373754797,27.01448557908597,29.10694665302984,21.49017568956353,21.192844730752732,18.595123191781468,24.388068846757108,17.639186524595008,3.2810173399589924,12.911988621142893,2.342494360607558,25.065438583868378,21.4450305389771,17.15010692432399,33.01070950321334,38.56465566394075,30.856685012092363,33.97251796610936,17.218289414421978
2010-03-01,23.236817424508924,28.057582809962387,28.506476150405312,12.692472154637372,13.789870778041704,33.980957317033536,14.389049316657413,28.242370676580435,19.78832682942787,25.215740164493724,33.59241135150306,17.631747310404634,31.077073712779736,16.274542318055854,16.08198213856283,21.176151252323066,20.895216732022696,11.339693285145398,23.49903778846944,13.83330034855309,27.478242649247818,27.706050527777233,19.094217514593872
2010-04-01,22.615644783147953,27.477492756639453,26.386244069712475,19.200220529552823,18.810682997737764,31.51251073823387,18.515883412183893,21.898998183980304,27.284567453019573,18.65561684146834,30.520240634459583,24.894497207958292,32.13245405535528,24.122339243987163,14.996090921498192,34.93374567117656,24.18421637779722,11.369552209796787,26.857766228761403,22.604439302354727,29.154836034746484,23.653236104475845,16.40909941689928
2010-05-01,31.049530594286068,25.780603286616074,17.645106246966513,19.64604957783777,15.009934728901467,32.66028972998565,24.642245991859397,20.86844987547114,15.598170924542787,31.846827932487212,25.329862185702382,14.477613193471976,22.155414462439783,11.286388659221885,14.558034612542643,23.88694961561263,23.37991288793228,15.064132429397802,20.73039891216451,20.14591106501079,29.464554279149695,26.29468475106117,24.74551219688279
2010-06-01,25.56246844866756,31.490790048654663,30.603911198514997,7.473658207153082,17.987245361438372,43.036997650233545,19.57899049579764,23.066270564399606,20.751911213708368,15.33688874810901,18.228180837786056,31.658074825637076,18.491602018953227,8.11937850593721,9.590271522636433,25.920347751750825,24.142679920954787,14.103300307615603,33.160359086835726,22.845435854607054,24.128471276867376,25.06460931013185,31.136798484530352
2010-07-01,25.26175643385476,33.48818366994262,26.70246866677451,28.79194095047788,22.095365137211754,24.566017330571118,20.190707478975725,20.075926875737295,15.902617421368632,34.74020020951293,28.527701341041507,28.624183857256014,12.724237884568419,3.6863140364472553,17.43517313782572,17.214910796735914,17.27906608422557,11.445849243884288,21.786859798836584,23.36836524424112,40.73881129365087,18.453883756352727,16.12325929971257
2010-08-01,18.34097435163812,26.55574454376806,18.79281855589146,13.530950813752149,18.186841630127905,27.133605903819685,18.651529204803,10.323926747718765,14.424192635363278,21.998970602414133,25.865784441431217,21.27383819956876,14.157283229170213,28.41425808904383,9.392261586879918,16.23146588345699,19.331379332561898,13.132118930399642,20.124578403426323,31.179519877213,22.248074289378543,23.391850744450686,23.776438193133423
2010-09-01,19.846913054889466,25.03235550039416,24.243977974777593,6.662805705318205,7.945360583904609,22.835611892640483,19.36471746363884,19.366584833993738,19.43974648883616,9.41872788039552,10.151338141852186,16.47570187920694,18.906454766750556,9.943636798459796,0.616163674661325,21.07305306068014,22.681137183877176,16.98764074073194,30.70732385615519,27.731470224369595,23.249905374133228,28.249384167318976,23.593246197176136
2010-10-01,25.935603873438218,30.577744686442923,44.03036823769794,12.223522253349433,18.990013841509786,19.704478275344865,18.7119467966952,24.88600701737808,19.9082684316073,21.453551785975176,21.23289267521405,21.304527269190398,27.14720138397915,18.85140049629846,2.558856113555728,25.89441409542827,14.706045201126154,15.834264600431748,21.158134873833404,25.691034779146445,23.571083784884983,21.191766052829937,14.9156841909904
2010-11-01,21.56790505905289,31.52708519854447,20.094988852806946,15.28618590479298,15.14865061538698,25.708135960719442,19.167469259760427,22.300162303937956,27.322544126762125,19.97997937941123,33.282974580785805,20.87459780842559,13.900926722727435,19.558566023594558,5.1612053706964796,22.396420507975133,19.781507479222277,26.619863665974293,22.893780356553485,31.713360601144295,17.802778961701897,26.469500406497463,19.272224921525265
2010-12-01,14.915206014818683,26.52805169453925,29.087643522457725,17.632644727801058,14.110642851757147,25.38694010895764,18.037365873397512,25.732345773915434,30.005013387247363,27.532736924771672,23.466132475237554,12.587677644603007,19.045569838029927,17.25044489373011,4.0346008197221135,22.24964020114314,13.400381062849078,28.670334524071666,24.849272911463057,35.92905932562348,18.949613462916414,19.972962934553188,23.439446157160972
2011-01-01,19.758475841152624,24.289057574433528,19.611469869661327,9.398251796348575,23.1666226584261,31.3713684047762,13.662612593064505,18.961946733737427,21.062133287903468,20.67507003648242,17.352401148313756,13.646812661064075,21.13881846813503,12.54110475972037,6.598648196492133,16.83290227007414,13.245284743225445,6.600922356558494,18.24969655867543,15.947920450314683,19.87506810604905,22.846684874416688,27.514239096824856
2011-02-01,21.1906772983254,25.069164989835727,17.60619835120521,5.444716838220019,12.040961037004749,27.931739588847563,16.357095907237373,23.805631534799122,15.31198761217572,41.87592634957143,22.71098867400492,22.413497805309873,13.450964807589605,13.455370510889804,5.968339227031235,17.8243253595804,12.183551974144033,13.949968728728757,16.235135276395123,21.220072838494918,20.560273455150348,21.54326303947354,21.508089871331904
2011-03-01,19.044169862669573,24.460875464966183,17.576415489284436,3.044925496193087,11.466915473215549,29.790570804000794,22.49580929856449,20.725970816704347,12.642536164511359,26.014906803333925,26.30217663287101,15.459478559894118,10.616290696177579,20.116239624643622,9.04972261841254,13.61027526338357,16.851116924155725,13.566401431475958,23.649562158923754,18.246680082027797,22.339916983979275,23.93820222130118,19.595622252471106
2011-04-01,21.520993406797256,28.10695566041379,18.500904690705532,4.7629919056400025,8.79664366809752,31.429374636150982,9.877209658379593,17.45417220278443,14.311472868819841,22.9775324034494,21.058323809379214,17.965418075181027,11.431352607264458,6.950883899313652,4.948945144295669,13.829525997108655,16.136672278670297,17.065358025489395,21.715228792778937,17.775871832329468,18.40897046890121,19.752451557069378,18.074128349234666
2011-05-01,28.43222424117664,23.34813441446155,17.78592989073904,6.974008852212715,16.080496330754272,26.17574203676528,14.643473164675472,17.876752308041738,18.86318310418501,32.17925564229271,20.611853958504177,23.061691121699706,15.212117634928429,16.706795145958814,7.026542973314442,21.481996337940576,15.120848105495332,13.876863846141902,21.096279553132888,18.43465850650538,17.88871003269408,22.573820062168046,24.895775858561226
2011-06-01,22.808037292094426,22.044296147215686,12.276199873788793,4.465130387885883,9.942722317636564,34.98322585104365,11.74178090167183,31.52330433617487,16.7261667437178,22.25801171585223,18.39053771384948,16.34443163337977,13.135994998205671,15.860436733467324,5.061645972401076,18.782451896844506,18.904803528722724,16.00371488600634,22.82004156551907,25.286872841754075,17.261646817117633,18.73773852209514,20.119611297217087
2011-07-01,21.72099513526649,18.474875608357245,16.927235797449693,4.727707270216664,5.881119484744018,30.916191095013925,15.906698911137982,20.626958350869987,16.439531190190447,18.615485032747568,12.576716033216902,18.48937105737932,8.82283728016952,24.38152359397065,8.843842243690798,15.400127915508161,16.4807631708866,15.361403725465797,21.87544498967914,15.88576123383903,19.496988303365693,18.405849076311252,23.75797928348684
2011-08-01,17.92289883937386,27.434550706759346,16.712690068494638,3.8807458993988524,14.770565029964255,26.198278399070798,11.810440092920926,23.274901050189513,25.757970930649904,23.24755774029805,23.38697727104018,21.52332362026333,12.340331059847738,10.645575103074586,9.063857350765167,20.780633743944165,16.636626215600835,12.802758953111217,16.883166741454435,17.7934352690266,19.65814983457482,23.522543432220186,26.661613568255934
2011-09-01,20.328857972606325,23.551748129987235,13.577359678013558,3.488267720697911,23.461855505594393,20.890660684569355,13.714602759178549,23.337995833710227,17.1105249412134,20.742109042006007,19.093436146012547,28.22300777514589,12.09259202092775,8.9390539027923,11.955931103824792,15.739797761348564,17.07586106813753,15.611924132896863,18.669178405118252,16.356612686307944,19.039667269699603,27.69574664412513,19.231993767909422
2011-10-01,24.652412992442294,27.76585178073381,16.25779312408897,3.760299764921752,11.087559633819662,24.039132864986726,13.749031428640619,20.77743896332872,13.548721199240742,12.987390227401633,22.759247267774033,20.899531421149707,10.821230352990401,12.880729990814825,8.054126471647521,19.90666358294642,15.18461966789275,15.315980994016655,21.929792239860603,21.222771047178462,20.983883394901834,22.247398516514806,25.74082734199617
2011-11-01,22.507018734796077,23.7283242968593,12.65656866948395,3.9546254964947485,14.870911333326205,23.25109788360273,15.399333193393007,18.744682660136053,28.338764794045463,19.602038000456332,25.77682948635071,19.21937503509915,16.944502235258337,16.57938461450594,9.645447467373778,16.431511377393324,13.933930653765122,13.31946054946231,22.678626398593355,22.7934558132608,23.384888005586326,25.372392618053937,28.43147507149942
2011-12-01,21.39455471540835,24.33447169725367,13.033199963221247,5.435268424775958,15.420268028997308,25.047163807279127,12.16144722276473,15.755299532111827,15.502733125314316,22.854312081929535,19.52083012412682,19.381427541392416,16.95187482189995,18.007489875777583,10.522061433332885,19.927801866724582,12.267207374498527,10.850870094452066,13.70676419109951,23.123915395668526,24.10397930982627,21.15111374158859,35.10976430855804
2012-01-01,24.840763384771087,20.570740467668443,13.572943775582466,5.144141999590555,14.98878167260109,26.294819187629482,15.439070545989246,18.058742771648177,17.992785084819765,7.31865673822982,22.16532046095811,24.94561637456502,6.4318374844421555,19.31213873016197,8.581727404496563,18.876779209103606,15.924700438439649,5.8880782348754845,20.35467714790664,22.893346978967735,28.330369490764127,21.76399086941324,24.342926952128575
2012-02-01,18.10781478782276,22.45289578209646,16.64670518409696,9.012777706610752,10.225972225075141,19.9816778922492,6.746090615190997,17.531918800844828,21.28359320458949,17.817138803470527,23.202651860821803,21.032992779978283,19.08235330920185,18.790453560220296,13.14457773440151,14.354528839699352,14.584960471443097,17.851808427128148,20.08241340053643,25.761314248209715,18.835810865804905,22.841058822867794,28.089331149436468
2012-03-01,22.683177290468493,27.99174851677419,15.04166069330592,7.385670257949137,16.147117780043324,23.61072987101094,18.452873879492067,16.31262981698477,18.630552012945863,16.58141003477898,20.657277530114413,22.934525214677706,7.310194925639175,16.81000514951704,4.332804199808624,22.274326910596436,16.300281248817548,21.56080287382961,16.145466416848695,26.552752208074015,20.860439252865117,25.325945107373695,24.281120984313592
2012-04-01,17.389521239155712,28.869326149333148,15.653963201789821,6.749753206736893,15.323288667054952,17.46003746645851,7.083796939629515,21.749704367786556,34.312620730531286,23.76564464830493,26.886524602704267,16.20206770998647,14.56004776489776,27.811298013235533,8.459784899893435,20.825961658403358,16.14868360461474,12.02822720493966,19.11832594547527,22.87176061001098,18.79983924611563,21.015624235959805,24.0880792530904
2012-05-01,19.97127321301608,25.456194707317966,14.206792088537112,4.438591951680925,10.176363405860554,20.25959322580082,9.84194488805336,29.902496894355462,14.821038443488495,25.340592633568846,21.35469936648701,14.395302515808325,16.428535180123582,12.687002413050289,6.764512891955355,16.354833411187425,15.468664433871345,12.765207498664338,20.33256325630081,25.90168586625896,22.899444378867535,24.160582243223992,30.93652391436198
2012-06-01,17.129975702865547,22.248917759411842,21.67361398252514,5.926150457189195,19.339487494814637,24.38937391760139,8.773941435491436,19.430589224456163,18.16908723843956,36.2824193188795,22.311938135624004,14.148341601509316,17.329373270280147,11.090349807214304,14.797406506940842,16.562217933651333,16.21426454014507,13.818789955020303,18.47643517369314,21.06877600191701,22.250475710877552,27.972794947613494,28.71868753965925
2012-07-01,23.303054710419175,23.455228728894145,15.643454923723151,4.0448056168548305,21.0668287808179,31.624456212914865,14.109251231105164,27.561635292355813,22.437618277685104,18.8210862104636,21.919417304948215,22.75171672850183,20.133184783176652,9.566835710064119,9.845477963846044,23.7630779275512,16.370660524713678,14.640657581392029,23.51743515232348,23.012481899440534,21.3079660828573,21.840276925186227,31.117506421980085
2012-08-01,18.06586792725376,21.784401642460338,12.750832629824366,4.474535855745965,13.588796421999424,25.463715192200134,13.208906752050954,21.839358494371442,14.682007022592583,15.981758830423425,24.160782176805046,16.97371746863815,18.958310842869714,9.016292785923994,15.543334320143002,16.468950789436803,16.999787167081433,14.784478283402155,18.748643759940556,20.99709731199684,26.467653291027794,25.997671142340998,24.7149810241019
2012-09-01,23.702081116202624,27.96767486138639,11.326786743220099,5.573817672883457,14.13145345415653,24.797404845786115,13.65620301287993,20.71050435409569,23.939584108801157,24.722745227981864,33.15964386993283,18.815720724292,14.22832699185344,17.68250340825304,19.695285033318335,23.004254771146996,15.102537480457888,18.738783463336812,18.683649901642358,21.317998671982117,19.762839656652652,19.183586230548478,24.523289133247538
2012-10-01,19.090381343694357,18.048208756450094,13.4940322340878,6.939046684522318,17.832401448443797,21.780275960380436,23.52727372051364,18.418145002678365,20.10873095517654,13.161643759953158,14.55139960536406,15.505305383890933,17.985326512263047,12.230240752392648,6.991303979551776,13.727483458649118,12.364571375910423,15.32969265520273,19.055689749345753,25.756173398649555,22.21069347354164,22.684537090439818,27.28254607429135
2012-11-01,17.788008544238725,20.65056092148899,12.089901096274017,8.835230152539113,11.955113836906348,23.49288952929292,9.590589683562317,13.971779317307991,16.415013350783315,12.592539521364083,26.022993745467986,14.488556908479245,19.917182702407676,15.376741140365755,10.994321473800909,18.559880634412785,16.499966418097642,14.436489657767666,16.79637851185882,24.205365133997216,20.967691962356255,16.345637524985953,28.755876145201295
2012-12-01,19.86207698492502,15.62960138739701,11.156308169329865,4.8131927334629205,13.254108614897016,17.60050741113319,9.824743575523591,19.26123072538135,19.58347436492106,12.507043951495488,30.653684645758855,23.75069616182397,19.670516664325035,8.362300746385039,13.746682214927702,14.479939176032536,14.040978642610998,11.786350358800057,21.436348659839158,18.25778565644277,18.61651934859243,19.01788310788961,30.06898391561947
2013-01-01,21.529260095846514,18.373475124032073,16.03671896000497,6.017612701029574,7.024506221008774,22.61836844204832,11.333158214198289,15.92494239707684,11.438830763422397,10.375150852089085,16.33196254100198,20.632055887264375,13.102765648879712,12.263746888999888,7.02451199856338,13.827622322362819,11.831100929565697,6.905603977152884,18.788151606099746,19.023919538259715,18.972555481028337,16.806812346479553,24.165412083240884
2013-02-01,20.96940355064959,19.922870952455874,17.474922309767724,5.580892214989868,13.422960535600591,21.31407176326858,7.559862657596352,15.318317895186238,19.83068188160022,26.8515415777736,28.615624453618945,18.069770675747737,9.063170079196594,20.732192116232568,13.548976016732066,13.223930381637663,17.472528889255507,14.552863571272038,17.829820507597987,16.359675408614972,28.705658128491514,21.176206116042597,24.495874501652686
2013-03-01,17.814110381289673,23.45414823472086,16.416700519997683,4.996636555226809,16.894479364856675,19.110732480006934,8.09502003374736,18.215508419346992,19.460916601492727,18.47535671296686,27.14837893251948,12.564883595730501,31.27395478953021,9.817403541357727,10.28194130736456,14.202879176098799,16.53870510195786,13.944205153425239,17.19703842129517,27.13767341925734,16.044315310620227,18.558323322626748,27.342326250396276
2013-04-01,18.672530513312363,20.557195613506533,13.126541643569869,6.146433726618718,20.023154971969156,20.02420548866856,8.976894071762185,23.93563586876281,15.244347663771936,21.78816550696759,31.381227409833997,23.25624493704397,15.169586804649139,18.57150458427317,7.763640244677301,12.62010558326959,17.129370964878284,17.120660306326435,19.488503127651732,26.426077113740558,20.823201672466084,21.623382043546904,29.304401439837306
2013-05-01,16.975314483975055,18.775207652928415,16.546108053032544,3.914536673106677,14.917115981230742,20.642302726626816,5.366020942046119,21.487736569022122,23.281495746824284,7.832007723768718,17.987297159979835,16.041031282257336,13.478717572117917,16.339750187673946,11.866033591079768,15.797287806527896,17.516559559487277,14.35344464957964,18.03897684775876,22.402996155775917,24.395336864690186,20.199935708655293,27.529465833017518
2013-06-01,11.396525139514306,20.570740027548002,15.985943584132837,4.392325077621642,11.85243706978008,18.02931651001816,10.633551710409563,23.993144627051556,16.714925679254076,21.315457394898534,22.715550141809995,17.18676267778241,11.333235567488694,18.93995926462013,13.333410451078846,15.135285407139538,17.812425915951543,14.794833623868996,23.682245012257944,20.494380405084378,19.609509346169695,18.431122685189536,29.850279575371484
2013-07-01,18.47502196982627,18.93165333598363,16.14701021450771,4.040362171509127,12.232486721047652,17.305026330640967,14.853050590724173,22.143290698134845,18.695534230533326,8.219205827997765,27.490181764732682,13.635811629457308,19.710356199932217,8.894921000369896,10.658232723101625,14.697219326720017,17.866371390042634,15.802366978877881,22.81066238165633,16.79559938463034,16.62054994402537,19.93826769745358,28.236374928496666
2013-08-01,16.389814580308293,24.050694890259688,15.432915818043327,3.712228797316369,13.606095749062225,18.41435301629693,11.658608904063541,16.459252066234885,18.331329404383915,28.456941565824604,20.544415218225485,12.046504206778016,18.648670169219333,9.361142083973698,11.266473185618255,16.350183652031237,16.70482538528448,15.639290574298343,21.423779849834016,18.880808634833205,17.39616065907689,22.381512315682123,25.771161990952795
2013-09-01,13.572759902241714,21.290690395675753,11.704487626932869,6.507213268224059,16.07289223170288,26.728875543585804,11.282977243837,17.473921905142845,16.185574035255012,16.827245393347102,38.14628567036648,15.279995449170237,16.338997168618704,11.520793662952611,13.385156140372654,16.574087327648595,15.27565980636678,12.566269427848363,21.78454695023037,20.31750604863993,20.820493647893112,22.226924709174735,30.060324296182735
2013-10-01,15.670073740828704,19.89855982275024,13.353107855839205,5.659198658201451,18.341766197333786,32.47523375277427,8.522871659215411,16.664347816836766,19.66749925210627,17.004317523399493,18.45534784027132,22.306555623829748,15.479496320175745,20.1438673635401,6.484499138377253,16.786141011987517,16.437129420935953,13.524214858325237,21.527194810135548,21.812103581325243,20.08711439255095,18.407461038893242,26.194150366072428
2013-11-01,16.421128639386485,18.64707694283405,13.876156444820534,5.833938774275868,15.157396020290744,25.575380814542353,10.456822569849052,13.574204901644551,21.911201049514027,12.415829286829052,19.882135451028642,14.156834637203014,12.907179318496334,9.983320711938262,12.04698442564144,14.833792473939639,15.299316705932984,16.303355702190814,19.899905931184,18.344679852458068,17.977336389565952,18.09767196549135,30.3057865841832
2013-12-01,18.986783675938625,24.503419583005865,12.432119509409432,4.050153378979306,12.057414587140832,22.163508695001003,10.17832451390624,15.530048276971721,17.888776952343527,12.306951024701831,24.737273616209237,19.62877599340504,10.614011542839492,14.50262505111776,15.032997208543513,14.827135118654194,16.179585002359634,12.764478608353475,18.375191822147123,26.498096459208416,21.692833380790994,20.861565604347525,26.04513686184767
2014-01-01,22.757009589048085,19.79900594855401,11.386490045854073,3.810188351116322,15.666943396148772,23.488120135710382,10.67996739936666,16.199491644852653,15.763070162485999,14.673114980978186,23.506275550573097,17.763722532174782,19.311348804539715,14.781945284418132,9.21064750797758,16.18406476822468,15.57580646101404,11.226593046184515,22.077450031088656,27.584878471043645,28.395022729394306,18.497663181595083,26.831000002636223
2014-02-01,22.408856960352303,25.14545306255904,10.68952265304918,4.6242495582711864,16.59908073243179,23.577124668565908,11.045188144805476,12.52675989518089,26.393279837870054,18.261111329292106,33.40510421601774,22.28954685323521,15.429361984918982,15.467062401239234,9.674612156191447,18.140813512457875,16.847942228727383,15.798093853454683,21.692513228629867,22.322251222301855,30.519277707496467,20.26616111926676,27.846032385863047
2014-03-01,27.278388261784706,25.121342609319306,15.32299943826633,6.483058611674888,14.766591308720516,25.70219538386271,18.497363871590842,14.571406517995676,18.446077194067236,23.768842915249294,35.519059399638046,29.41088035297552,15.839735076859622,16.675839224744568,13.05494562466222,18.39558335995675,15.06987936921779,15.201629754109192,21.308717564094444,23.03284299473544,22.071739725793154,21.477173543697003,30.399436695050177
2014-04-01,24.257805178946803,19.768468058543675,11.069897146116553,6.179088265900571,11.061051364847026,22.453853447513104,11.493944604644788,16.507702048822548,20.247644489516723,26.76889540870312,29.430972248016744,24.972338783260042,20.885550384101045,13.968055503730351,9.669438791112537,17.41180674314916,19.56346622396032,13.97713337977807,19.54427258599144,23.192256983047862,21.14232621298284,22.939960937544726,28.36808552850019
2014-05-01,18.60409665731912,26.97941806807536,12.222187180722404,4.208761675073062,10.794718881179595,22.463363684212286,12.23899855536149,15.869264343058571,23.69007802450588,19.843189570308983,25.513645937145295,18.224605601101473,19.967759152875065,13.807265743046052,10.279423952815705,18.646574626973706,14.914210704941471,15.49492135203179,23.606674583624038,29.46096986218735,19.452891811313272,21.451883058540904,22.800416776063578
2014-06-01,15.342030999791342,21.272028459718015,12.287880860198715,3.4311643632860767,12.418633724453338,18.061931215862657,13.878495858134414,15.54212240015951,11.23427203185291,14.503459690674989,18.374517908004538,18.17572276236692,15.948825693168077,13.950029941819839,12.882750017677736,16.601095692457836,14.73858427204394,15.332899880551874,23.44827165097586,18.297661688952235,25.263314136853147,21.763034295071286,27.993382574395433
2014-07-01,23.097256431784025,24.37383141240244,14.341595450691873,2.572033766489807,14.826988488714312,30.991995314510714,16.296402224946235,14.537842036553876,15.809024381229541,32.71229380721234,45.19630828826715,32.09735358635178,3.3193677837993993,17.809168348181046,12.766027059792494,17.1790887179607,21.09444136530707,12.844456147682115,17.932831472208544,18.182633530841954,20.995236728389816,21.46855704234552,28.2343899009807
2014-08-01,27.689422328580847,23.302775726070713,18.75882394090753,3.896555053224078,23.018574704790968,24.731622145370636,11.978797297890324,19.612900456320062,25.747908752052687,40.796020537949296,36.0001638358165,24.539997788660518,3.777598574860303,12.034246516337456,6.528830508706968,17.061151748016933,17.61500455670468,13.980490592296576,22.443654632685625,19.462023506993514,24.999142720274012,22.862098986558852,32.21763244786922
2014-09-01,28.397459485500423,27.521899076707204,17.81085929837,3.8048646068132728,27.000302122829993,29.92532937617586,9.833994241322749,12.767556464767274,20.337696364807595,23.437357551392875,31.65378700806269,30.08362722857014,3.71270639254455,12.853612793498206,10.391866943285018,15.646409380514845,17.445814554107194,15.971824194198655,21.778855266629883,27.65685865959522,26.03439457190902,23.881488531263315,33.907406102065764
2014-10-01,20.24119975471774,22.222711747020792,12.68873321566756,2.8346120361743097,14.066366412641372,19.83503489726065,9.835355423853755,12.899365296244394,16.3897094200927,20.26524020173279,26.779284691314327,18.803752694342595,3.9074171725395814,13.212321014525607,8.818445764241769,17.806627173910776,19.475786698693078,11.870318244004142,23.74352333536773,25.145062540918058,21.489511491263833,22.330548331231974,29.78165022694272
2014-11-01,21.828284488492457,23.40376253223073,12.235632509916542,3.023544901387,19.48898850614939,21.538668764259977,8.913508965598348,13.264064816682467,12.674561047060614,28.703257794014025,14.973560670929473,24.445570374254036,3.217453949184857,14.638357223978002,8.846802783469226,17.456757384431345,19.819361362642958,14.819382662437453,18.605064136447687,25.595896325837273,29.781973453132338,17.24318119254172,28.98172793201739
2014-12-01,25.749695633496767,21.780516574240654,13.025626545121849,4.500575911172256,11.042401509812311,24.51827510935464,10.649144329605761,11.93183696361345,19.180419448687296,26.44047434119666,22.485452527747857,23.017009683049896,3.596324502160788,12.187663556549548,7.126724130341552,25.602794166565133,18.028820868027836,15.2530394128204,19.905635912075546,22.990386423287426,27.25654152845115,26.17591990142544,33.68844190427408
2015-01-01,27.558113424673977,30.72679641604458,12.92586485418287,5.3654730541455535,13.930289001070532,33.924157899636306,15.650882300567961,15.944314526800131,21.01361131586713,20.826730251579438,23.152702296007686,19.60402300851618,5.1485137412277275,13.635571991779498,11.49204486955955,17.89426721610128,23.037533804115185,8.29337136820482,23.61720755738349,24.018654685824497,20.26644537298279,21.704652401732552,25.543749409763116
2015-02-01,23.787063399821047,30.33328005011718,13.14208071733602,4.1593103063112675,29.96226049708423,21.109508837310983,13.485192615316894,19.603660337472746,16.87567105803611,28.29809516718571,23.717964161609753,21.982981084957657,8.992580333122818,14.775674264363142,13.396430024817636,25.4087751477292,18.933007782780987,17.954546434253682,20.212005389376394,21.413126959874646,28.15222745741617,20.475189963042883,30.39163652298789
2015-03-01,24.22327227728387,23.569746705095756,12.006358398579572,4.770123977723528,16.362345567086287,23.285700082198407,12.80255268667592,14.07592653407053,15.753932614019138,23.942514675819382,17.277258689288917,28.236684299726306,4.8406403961098965,17.429603056901406,13.20526992937022,18.42505309888802,19.321219684946538,12.5801857895565,22.07588875424769,28.88151128001877,25.96031275486566,26.360698427299177,24.865619506347475
2015-04-01,23.970953331264187,23.588040569287365,14.101518757268597,3.710775487020587,18.343373744113286,20.046767979405857,13.029284492445187,17.26268514034205,17.006777764459844,14.76742704145832,19.637643952302426,16.199300490648653,4.543542539415337,13.840088055969026,10.45393285665047,23.287932912206998,19.828209348294084,14.169765444713272,19.778562985948923,26.795470760823367,27.90689231583222,21.50323990843976,28.668138210239626
2015-05-01,19.055200785712795,17.65720304306527,11.767761545759335,3.2492997188718635,21.350574661772978,19.275780488366586,14.537451850636442,22.481764731504025,22.542305987515753,15.065766651498047,21.51581686165645,17.322896038303373,4.155788306222834,13.590064916408263,7.442302969436645,16.930176883372003,20.383668472212968,15.150777193703997,21.815911441451437,27.270372750533397,26.328679178593756,23.46560168810887,24.995767395545293
2015-06-01,25.11960666757468,22.82346868083222,11.419471506402418,3.4966856443475662,21.98115005710967,26.414641883200847,9.089978573013001,19.788355299401672,15.884974555292539,13.475978355840235,20.368504336036903,21.301919253405277,5.356726862614923,10.857507077269977,20.058422204660086,15.13829275790458,18.50090867999632,18.54209191263972,24.19387982953051,31.278963272970884,21.257278858855194,32.917930361300854,31.544323005567435
2015-07-01,27.899393099618624,21.403366086946733,11.772530819677156,3.070799094143297,34.584891202220895,20.085656153701006,13.174748654269312,16.918990757806338,19.062975096786563,24.49593682693229,24.082824483955545,20.738851229617776,14.731708206947953,12.798219636549382,11.035115400835425,14.86231322449595,21.719102900877633,16.130016439829483,24.007252727346504,27.181597226018745,25.9939102216017,20.053501761248576,29.457470831723533
2015-08-01,27.091231581211577,25.49192151594414,10.446171898639843,6.247425771569478,16.658519973436626,29.290344940443813,13.696468683958196,17.65808003299714,21.35916528732561,20.155419903172902,17.511759202963553,13.287478548905481,14.155399261078836,13.240688992258077,11.674381688245493,18.941386707358106,21.017369425015453,15.095844941752679,20.062803129910137,28.993831686114163,25.288214116406177,21.33505970810372,23.062970845306648
2015-09-01,23.56621472234974,19.99736060526099,12.077346574000437,2.985853019629759,21.759970913616268,25.771202272286736,10.562280021186005,14.759015781227108,19.33157194537627,23.08292185369744,21.449428071887525,17.905627680865706,16.9892102989439,16.125533912885885,10.510855643821575,14.223548866534369,20.321243620609103,11.801827247556549,21.1436424237896,24.395797096881683,25.70566226079341,23.387752527204025,27.581460505083434
2015-10-01,27.943358830190213,21.88012362473816,9.426020176627524,4.144568134479713,19.877800014234406,24.142620407307273,12.975105457398485,15.888160290112648,22.819436462924234,30.067692683280246,25.25861595369795,16.845179557430576,23.48373200598829,15.226814162103828,8.363256126752132,16.194970628502812,17.699100556113684,14.755446533767582,21.868941376936426,24.619219214422152,22.27185904818722,19.243026254499277,23.634995691411355
2015-11-01,29.078682483110345,24.729759043882922,10.689874969759867,4.24874648476763,13.856800682779445,21.706680825526117,11.410064650617755,18.48455385730113,17.95978297068854,14.626099062832639,28.26213024963717,23.300896891537644,18.743253233633453,15.093723555136998,10.81475814494624,12.341719978211936,19.949847216685914,18.190674614930852,20.860408243838986,25.341270091955558,23.887736423889145,22.888854279731596,24.05002187646373
2015-12-01,23.73140393906436,21.553912705538995,10.454953928845372,6.6756419638053766,16.00463953788357,23.948414172083677,12.848961307659563,17.016579415538292,20.655930920392997,23.677525127574068,19.233119860679547,20.81234951766937,13.398732798079438,13.51390493408431,11.046443454692643,11.84937045659803,20.856324358641338,14.366796809841858,23.662387901238876,23.58422043357033,33.26460921169158,21.450365847613163,22.40750194184581
2016-01-01,29.400658204447822,30.157343655805114,15.527868767437187,6.294090997956202,22.797674531523374,27.28596874245505,15.354161928935639,20.03100113011588,24.42513512496246,16.106025527195207,31.7871578064448,14.065834671245106,13.67024997089084,14.595238972416777,9.879126635295094,12.951967463906888,18.792876504097077,12.666208562137241,20.30884497939065,26.2930589496327,21.969109975816046,21.66448350916408,25.35736834641244
2016-02-01,28.095642342766926,24.73902060610859,13.96595297013113,6.249594579892465,16.077745505975162,27.587498587620843,16.881355981757938,17.187367504681465,31.460528193375325,25.248155613862952,25.722358849848487,20.336550005090455,12.919045250522712,14.718537786719269,12.11393485066961,15.036203142337447,16.77192908937095,16.814386073580206,31.32930987267997,25.30983189437117,23.294112247442236,24.2585074862465,23.12852580523153
2016-03-01,25.269707808339263,22.191724714957108,10.975679824273076,3.989149498163552,16.67878609383575,24.783040855319587,12.529063220152874,12.340470900555049,20.962165392171844,19.1021971800615,39.31574339152052,14.113030443654225,14.252963216711956,13.106666421410559,8.858613713291186,16.213789400681183,20.698472946719633,24.23285321409489,23.893215442032623,22.314873425619773,22.176505615485507,20.345444802725662,24.72127674288647
2016-04-01,21.561030923185218,23.010336384218487,12.761352341874941,5.598524288703092,20.662395494674165,20.39553928627042,14.482059850499777,16.817759100879638,20.25005496578414,17.257946110376725,26.427539004118355,22.39595619042849,16.93707433836866,11.969430717736316,10.89862791746916,15.80526412100237,19.56561928306673,9.801377092846604,23.109453360749534,25.61605285185387,25.219748333721235,27.19275278009311,25.914288501659392
2016-05-01,21.305883033170353,24.204819819453263,15.897857707923045,4.227038756466644,16.138240653656503,27.472075955109084,7.418864605648062,19.488065635818163,21.0780166489951,20.915716598420243,27.25360158984083,17.275453905329847,11.03961144254096,17.3785935627074,9.593383989330299,17.797546234853336,20.011051946627454,14.907534920008294,22.59052307089563,21.551572790063414,23.99119290021466,24.227281566230555,21.99751265300032
2016-06-01,27.60153949633481,31.887094515875425,13.3025829142164,2.3560250544067363,21.719587899504056,18.806842193591883,14.26192299840139,18.69999982680898,19.46750217103853,21.385308687553152,24.160153641368353,19.8627416299374,15.704296942940632,26.619893766812048,9.814933331396556,11.212631707812287,18.951345581130784,21.41399693945485,20.27366004945323,22.505117153891774,23.557017298700867,29.071785655624126,22.629372656006552
2016-07-01,20.131540793294246,23.6907946885224,11.400722189278026,3.00799369375319,18.00009283666916,11.85419329706584,16.180328521093646,13.207274050688142,24.84189959340415,21.957560205728544,16.747834304824117,12.90110455896611,14.292840073612371,16.05499826909211,10.106473250407623,26.046005941916746,19.963153299435135,17.23638379035843,27.76752439407859,22.822073774856175,22.819462306716296,25.849122077558377,25.589332992466684
2016-08-01,23.954234574478786,21.95040696662737,9.8516716330156,4.487203529663351,10.600495591126059,12.238226323960996,13.845015865783044,16.150578465876873,18.749885696966672,15.663500347275809,19.679054719598124,16.1368965571228,18.10717662264522,12.299567188903682,10.441066340244868,14.619104933349977,18.528969629971975,11.98026774481146,21.071973831951826,24.691110143859483,19.147054751710197,20.94649289024253,22.747412279208593
2016-09-01,18.286529470974017,21.32051308665384,15.014983679376712,4.1752003665287285,21.963475704838835,17.868526977040275,11.907234037152204,16.02794145036884,18.201964359264608,14.592316619732088,29.744755466277656,9.368615079102772,15.464822028365178,14.195085157986854,7.355279677471983,11.791738352149654,19.698572888479806,15.46765444322223,19.509308167714927,24.932096793047847,21.656368321681363,22.651688389065672,24.503677328938508
2016-10-01,22.093980302484642,24.859370760445962,9.972237901070027,5.037696809657266,19.753556294617347,15.074925353956955,10.521730862454124,18.523273241491115,13.81199698782067,21.331634162569376,15.69284106539613,14.9001789161126,16.303504238834964,12.990449269780099,8.336759440715303,11.932567854515739,20.195086660594562,12.96462090580486,21.79260077340639,19.455572402853885,20.35030183947806,20.290281440774514,18.243196167462393
2016-11-01,26.28671146556087,22.46726696434547,9.788693749755357,5.396208643267378,15.057348866468132,22.00838388344207,9.971173913716829,20.335583285041917,23.319168973339956,18.80840300539416,28.715471313489118,24.62483155893707,18.22474566652155,11.213091127333504,9.269051327486896,14.235030748013012,17.625676206418042,18.356432878978115,21.696642699333914,26.991378807873296,16.863449642159246,24.03899802922297,21.17477530178115
2016-12-01,29.157091968447965,23.364810058922806,10.071658554279065,5.499955031740345,21.84770362815606,28.255159299039576,13.529222017067887,13.792749304599578,23.973252737025064,18.3806529615284,23.84051818745985,16.048362366395036,15.527394910378998,10.595332161248974,6.567702792839439,13.970254311786878,19.937618673836525,11.954629408737286,27.43625329419218,26.01523785131883,21.04166875332663,21.210145651218898,23.003925994783486
2017-01-01,21.481240751226462,19.699725821388313,11.353790178866259,4.19803467163425,24.453263901715477,32.52383589459344,10.391633552026335,16.11324167714259,17.16454119920661,21.96190490238068,22.141462148628822,18.38279044709666,11.645923886698764,12.49589208478324,15.849768433445696,10.279921548989902,17.30809338640766,10.78192678832473,30.848061374304052,22.964150751855193,22.286682954770235,31.342912752358597,26.638394899477056
2017-02-01,24.98799639831358,22.83932883398988,11.068935297605822,4.514931153513761,13.65341007583788,26.83796921716016,12.148254250633352,18.499124984477042,20.8373809910727,18.80556653964747,28.10504745513948,14.283695909314368,15.165296833809833,14.274639287108753,8.171542638693735,12.739955586532249,23.984354492558047,12.976183021852567,22.833083614785856,23.47771967255916,24.729897991481884,23.696866297037317,25.627576883380904
2017-03-01,21.424947525192998,29.293803753962806,11.482402205735905,4.711778102929147,22.51422177480765,24.448864153306957,9.7669407620993,15.1500976133498,21.09177841699931,17.20457350704071,30.141495498148092,19.44567472968455,9.305670227001293,9.52970515336563,8.391087524305206,14.523042214183771,23.7005908228114,20.595280667315,23.929064629764984,26.065849597828038,20.10290856588417,29.36625865294343,22.65918901306743
2017-04-01,27.049098453011567,27.296280899343813,10.35917621953054,4.448515173631678,12.738150463057526,21.466232361737774,15.840666924218352,16.233725521048008,15.8099434470069,20.640210838902295,25.417729715897092,15.295390734702602,16.41723987657829,18.30457110786091,10.168676680892354,9.98069364327926,22.929728306995546,17.793546685421816,23.710780296251706,26.154252356774236,18.30783776574854,22.88311989776397,17.90241613909555
2017-05-01,25.135747501803785,19.258048133659337,10.006633072223744,3.3581690267111477,18.936111535830754,21.597408670212918,12.215838530364671,16.265525550969762,13.044572540013936,16.80256987524022,19.179902369606506,17.938877780068406,23.41372704989674,12.234505684229994,12.045643258735163,8.962578719930857,21.476461389783417,16.946059025502084,28.843303660377465,33.22559079022073,19.586724929289126,27.88930433111753,26.463106735737266
2017-06-01,20.41200705852313,22.823785585788364,9.170118746295767,2.613133509451527,18.108232305101524,17.177507634708615,15.659461860908348,16.505612874452407,17.032594580295594,16.757393567135537,28.494495502884153,26.493446736038493,12.93649340547538,11.486681892726311,8.632344955534062,8.32077320979551,21.267801031266035,17.462835205182774,18.93670613933945,24.630531049465215,20.697706285543706,29.359432899761167,22.626601556705623
2017-07-01,23.46334978766881,22.572502644204462,9.866224152116008,4.434495250629935,30.23198646219572,21.891102124962813,11.052263715146056,11.291587637018521,14.886939990253694,21.529149381098062,28.83858235935587,20.9442370827952,17.05731380280711,14.675225499653074,9.061527693472899,12.303037014215398,24.081152236982796,15.809377673460896,22.896907522291027,25.34443662883281,21.63169891977535,24.39628433366576,25.693086613641945
2017-08-01,31.66621740900088,21.89340255237954,11.722281951967357,9.262092020539505,24.616600312605517,28.669808009616425,16.43940837743763,11.053900591601309,17.894485445968286,20.403222711246084,20.64101283793414,18.639862362612845,15.547328829945203,12.401385011103402,5.915781591441031,19.70007540971264,21.576993586618915,14.127949908737994,23.627517948471368,21.54654797677086,23.17536325196813,26.31278200879233,18.897892158605313
2017-09-01,26.31351534427477,24.686404183742056,14.293824565266373,5.03528166108019,20.511695563838845,21.73973129576157,12.710411803014981,14.842930551498249,19.912172396565722,32.436981144498255,21.277698645374404,22.957335489459805,13.233275816898946,13.054087596936997,8.238212667841426,9.224952806507359,19.79787285613471,14.823464371024937,23.511893807970818,28.39416772530411,18.65990689346892,22.487666791215226,24.41868537452484
2017-10-01,24.89289429723644,24.787290578384397,10.100990948432925,5.8277641969550835,21.509355044145625,28.451552392114486,16.367464393573893,13.573845606050838,20.104665746305702,16.50791044752633,26.428988693351243,15.139010156304801,13.254991433481461,16.29388322440456,8.748924299486564,8.827215017439507,21.136018627522663,16.77467167637544,24.651169614408765,24.186344405771422,19.31036775076517,20.849727419935924,26.410920396332518
2017-11-01,23.840382204425374,22.72496759011177,9.317902325987141,4.589081837132987,14.59390704210299,23.171953570500055,10.491431628119441,14.7814198418526,18.54075912467711,21.89909006219054,28.805896639680487,16.217607877142573,18.819183374176973,21.51478842246706,7.58905060864017,12.46653166482199,24.38985773865133,18.38702357355603,26.1650693959839,24.889255235623523,16.431587830783876,24.39021362171584,21.173317251982326
2017-12-01,19.356139054370143,25.383060029609346,9.4979611379758,6.289907647559981,15.3808085378459,20.73025153683905,18.635687484524546,19.195467669863977,16.98911129375809,18.909979012280115,35.67564867290268,19.677966846057917,17.69742814882685,11.404258013754015,14.31345249415546,5.786316862569889,23.283952208397938,14.70704453499879,30.548006239260936,24.893180705251357,22.825174005158622,27.83035947482433,20.070068332042627
2018-01-01,22.368277766937695,20.184597382913452,9.380257328581173,5.810012685852484,10.724605036882691,26.933895671476847,10.367014714490605,18.88848891156565,15.303365927207231,23.334930126697174,20.884069958121636,21.120311607281845,23.604539665478704,20.169848452246345,12.7887087539568,12.837068214243093,19.310230331340815,10.492035568382938,27.685145497899207,20.223121690445286,18.031194354135234,22.28942995954317,21.857930681974743
2018-02-01,23.609798664275036,19.41212201736326,9.414116111167571,5.082312310925982,14.05713806045824,18.57934309983126,10.982500055005854,18.28186510957821,18.5479275190309,25.322937756547557,29.07667860823121,18.652455611382504,11.28482647321288,28.627575133455448,10.406812511951275,9.771274697486744,23.015332672725002,14.083527621710612,23.68829087498218,31.37220154716516,18.764689805810974,26.598715122029198,20.333791280961357
2018-03-01,27.066540265191783,33.53383988726002,9.984678914660352,4.8955314528741045,16.261943772571467,25.49317678959075,16.469746048516868,18.259701559954067,27.724186555502953,16.161846393191322,21.247982533770188,22.69344031038679,15.686175289750661,18.990757225842046,7.700697957774599,8.277565446582418,26.902268752698753,19.840572390573776,23.414951763422135,22.15236389800753,21.337525729243488,23.057784952053783,17.237462055861236
2018-04-01,26.21898448007759,28.579501116337866,11.334335607696913,7.549932488209809,26.590938869641736,24.202407496317498,15.305380794799182,15.142747515679156,22.603607951937413,16.32583172705894,27.032385583253312,18.45348486229099,17.691058931766815,17.758548569026242,7.990574780562552,8.364846853401662,23.88242956835491,15.749809245350232,24.882653526332213,27.93459366914821,22.832921929461612,32.14775367475384,24.656278743887555
2018-05-01,26.543700666575738,25.32879120333267,12.885759201435775,5.386113336471701,15.687816198229926,21.597344915331533,12.928682367122468,17.74455992587673,18.240127546790518,24.653413524692898,21.000734512364705,19.62539206544447,19.244699515153826,14.82451195601904,11.51266392134269,10.011423246082195,23.605829036798443,19.218870473689805,28.251144563410314,27.15755917066515,24.19718218200287,31.853712733154588,23.071737004052146
2018-06-01,47.186751259692514,27.905860313268494,9.399507038005506,5.389135290835237,23.622906206833097,31.239322001781115,12.115329886210574,14.76910303038263,23.33529021395554,14.060788234730518,22.170223539227095,16.73641539262904,17.057121825395633,21.26231972935424,10.61429855477995,9.562260983938605,23.478962757800687,19.142557480633506,24.587280320446407,24.031650252180395,25.391820120149063,28.196420084984304,17.69726063303752
2018-07-01,31.521706657287023,37.82635909894176,11.901765622620768,8.747630765024956,16.89237315904418,28.40545607027782,13.096011645029872,16.32232744580565,23.481599322862664,29.122727352679707,30.588335893976563,18.731346453277332,19.709291778573448,12.808139486751312,12.020114194149892,9.335360308378366,24.358652003209883,16.809688858859005,24.457473831530717,19.57844064398475,24.485250865620557,21.07636258240085,21.95956667316012
2018-08-01,36.109439852320655,28.583833821499226,9.982686226057531,5.844327569210244,20.71376526792496,29.043075874188236,12.734512703151804,18.243896845534067,21.473813351694012,25.957106098672984,26.34052531206466,23.13742289525096,16.278442082463627,11.842307579752138,13.634749177128407,16.315202764886152,19.779699291072323,20.70175277952999,30.382668232023356,31.925239886008477,25.765981212697845,29.561967119423752,16.146360266903773
2018-09-01,26.972930042436552,29.066895411312792,10.64397423795421,7.747489744128819,18.734506319315162,19.99723680572159,19.33633580439602,16.623025013248906,25.097906194608445,26.747222908532876,26.079188481576512,20.440874222800087,10.457072289293794,12.523365011235938,9.004490108031591,27.013588988135893,20.299852585650207,17.073853293625877,26.21266662833034,25.627337464635257,34.23201494117123,23.383982910634245,19.811089119601696
2018-10-01,21.858080502476597,28.14223183675749,11.080419109746458,12.721649568913595,14.64560585045351,19.640801422027607,16.15762472416311,14.238681346184459,18.115878890350718,18.71096061781059,24.722186404500892,19.617197696862316,14.507617513461536,19.26869240425434,9.871799857970554,11.621766190268607,21.12745841163809,17.03258360549924,24.90316612251155,24.176201720796627,25.380151542764306,25.089676833179862,21.431452111620764
2018-11-01,26.131761887850914,26.84075349415,10.680600586113782,8.2023157097466,14.2243343412954,24.47820745150377,19.825264409359388,18.337952101095546,25.21946681383231,23.07475135588686,25.073818148321738,20.03914683916905,15.519489156285356,17.81803545707456,7.61625445697093,11.878635560247417,20.8980111630987,16.787351465737792,23.19570647775714,26.931354259291652,22.39554513634904,26.39129098575163,21.913196330491246
2018-12-01,22.17348674442318,25.952885291510903,7.301578195369124,6.757143564498051,12.061376932543947,17.13347058254797,8.094176667006408,12.38456925821285,13.7231918335984,19.951513962451227,26.413250028088616,17.466410590917196,13.739825452785537,16.76820259050857,13.530049559434644,8.52775571053495,26.740972444461494,12.4067618134891,27.089057583069593,27.217965266235286,26.55562642910423,22.468381433209842,20.79440995252643
2019-01-01,21.092715442154187,31.01898572992532,5.909616841024931,6.567451476962215,21.481534086217987,30.30697478552092,8.312785546694675,14.06300746844612,22.04280096452264,22.72813235167123,21.596852978088933,20.97666006620518,16.93755868011646,18.50840294412217,8.358503247632472,9.009586286557312,22.782925784298833,11.036467942587658,26.778688709867232,28.904858532989113,20.674655104338612,28.44363871824723,23.445707292888393
2019-02-01,20.3541655787899,22.52412448399486,8.052765694503936,8.411866900451392,15.267019738492275,20.567470938650402,13.491003874340546,18.834167681230188,14.07068671916593,30.244785210383906,27.29057754163866,22.10074962720392,20.78656164625332,20.738306048814387,13.107397534435622,8.817767632561148,23.74557056162835,14.727465858993446,25.281573533222677,29.155441110636428,28.770833345333017,21.237892022655338,25.601479130368563
2019-03-01,17.996044818596218,21.091757828390406,8.934536640940454,6.437532230841226,16.334013515878905,16.890170484237366,12.576750958166718,12.776853937303144,21.36495625063241,28.685605990580935,29.276070460167844,19.732053048407426,12.37072367166529,19.20732496556724,9.084928659577415,11.968741328329871,23.795197489736516,21.238258445476937,22.82836529605793,22.34595959569264,19.977741347446923,25.234949619417925,28.53015127748096
2019-04-01,18.669805962890642,21.610977699718035,13.330724225576216,8.018725280059332,15.545917722677208,17.183948612628114,9.987578106546867,14.504008084293453,13.319133764234603,21.158515580184847,25.853470329458858,14.585184182031137,23.419681383141164,22.52136992778098,4.9007613273831385,10.729737482986263,24.55609646779788,16.195319888894986,27.736040259015642,25.733015350381514,25.649136533140954,22.968312567769324,20.28547089176547
2019-05-01,23.056145978778577,26.392419528404663,11.730569622287552,8.241306347325384,21.590531107554227,30.27977414043564,20.615058220234538,16.72749644929103,21.500995912438267,18.47648427044729,19.044000794054813,26.31577580177422,16.14971389386464,17.489903470713227,11.86766149033347,9.083148973696519,20.676763195499234,19.15756495646928,24.670375686819817,27.92945529365329,21.01556874165275,25.711345575132736,21.57604652582296
2019-06-01,21.090546090076515,24.244720970430528,11.19051575949712,5.16178678657933,15.909483048595051,22.3355333016286,14.494741085131261,15.75967971503414,19.864337123574106,20.96285887364917,24.462245976384825,11.160276194465496,13.05250645080011,15.164430740990017,11.123337871006251,9.367399759016356,22.495857076059274,19.433443098997678,26.950789987232326,24.86898694110686,27.427018369773897,29.28683747429332,21.649286118145447
2019-07-01,21.201772694618214,23.74023475032191,9.35263296495433,7.367966878638107,14.491677653336026,13.889598062358658,8.879946747137808,13.494137346088413,14.106262833829277,28.25095973780078,28.59331442244898,17.623625365489783,22.7429170586962,16.905121797868397,5.75254384540973,7.972389692707448,23.58979156321154,17.473572066939525,22.355163974204597,27.78814991691915,25.340076584672538,28.844121168225474,19.37451563972939
2019-08-01,20.940840749897593,25.208863501043012,9.925775930780024,8.550983451672156,18.292769319210898,24.138848047634138,13.084083940412299,16.12795667547549,21.918308758439338,22.13970403395582,25.375179712125497,17.807100197028987,21.732168651756425,16.773823618158964,5.9765724753861695,13.742105370454638,22.776784464904196,17.683285872591647,26.767616738604808,26.638505367643443,27.914662674579006,26.925320135818993,21.948894796774148
2019-09-01,22.756884463103013,22.162403890103693,11.416344868846107,6.243169601022051,18.15727711970956,21.862723229596877,10.275460671874718,14.589093258155764,20.987835103699062,21.48972085021174,26.786507392429808,18.57666174063243,21.416890463858472,15.66779533516809,13.03968291343743,9.49341072939195,21.466820871177415,14.482531566976155,26.155444335690152,32.61291740086191,33.18069793881216,29.943091834054904,19.7170484490113
2019-10-01,23.171994103072507,24.537334774169576,9.300781202284695,8.870397173642374,21.255953982666238,19.563403844021664,11.65165030133364,15.713856451352102,17.66110083959121,27.761743930135264,24.073959332181136,19.348815950890117,18.495191750625906,16.118255401317942,7.838362220466261,11.333523582225856,21.216065207543576,25.00030520834381,32.8258204141605,26.287356133141706,26.521230080273806,25.917739967364064,21.668246671145347
2019-11-01,22.96443426964398,23.41884022919918,6.781975735658392,8.65638947369391,15.268921637825972,14.647468193911045,13.945613924639106,16.792884911703414,16.125141288486663,23.06531764174297,23.745687677808935,23.493103205215363,10.938973941334353,17.096277139042485,7.763058086585535,9.191871911163876,22.161477895709993,14.72672449616709,25.9121205078517,25.441528566061702,21.349100662780106,28.823704633614398,20.69908008953908
2019-12-01,17.958950885794728,23.352067626517126,9.265270330199016,10.106719621776772,13.21700757937596,15.90153906741713,12.217645828245448,15.242919638879691,12.612813477196074,13.839984294135329,18.89673604095856,20.28823097365989,17.647193503363948,17.560050871072587,6.18078262127068,9.08462374228947,22.88055595166128,15.266677012601866,28.805493591392178,34.414749714640045,24.419638225457884,26.594374340955643,19.275897939164537
2020-01-01,19.288688153218814,28.460130575961312,9.620126011400682,7.806409698887249,17.463399511948317,26.794486670368684,15.256555162824807,13.942560279716556,18.95853224703218,24.99774677052129,18.58939378710045,13.152617917576032,28.528126785636086,25.495396341918045,9.081769480862956,11.896382950591645,24.076704822916113,9.717611378347087,31.02774790736679,29.472063981389176,21.948583491945477,25.88227794680181,20.55240937603669
2020-02-01,19.643741181955402,23.208917225430163,9.240921883987125,7.3681465538531015,23.473399289674603,20.124144417122825,17.857922382870594,14.556854594537928,23.61214188924803,27.323304677417365,27.81612285140085,9.943564566329025,20.23507857668276,22.141508175562,5.128134679186698,13.07057594564058,18.280891828439582,15.518674440363478,29.97611243191256,27.103231848069186,19.414211223497908,26.18519245282617,22.99808282508072
2020-03-01,31.05180763830175,33.30838104479592,13.495898929670975,9.45253106629274,15.728886045006558,18.760991066341163,36.87065690315617,17.255288857577924,29.09190500229991,20.554887621151867,29.880893221489654,16.133872302126566,20.22229307743424,40.89653801227196,11.725901239426967,14.02609456582347,20.24668100110932,27.479075345730813,30.124941601726896,33.51407180487165,30.75061544763156,28.468218533280965,25.40786114601581
2020-04-01,24.90750983335241,31.916043699301348,13.964405665884254,8.968178825376611,19.60036074865779,15.297387980639929,28.723424156103132,14.898404832448628,20.37710059335999,19.045730967394473,30.780250023694276,21.47931433671879,21.30573213768754,29.660106516360262,21.25760077031518,11.388333283111237,22.053873770787742,23.100990094147836,25.5883771410521,29.263934310338563,28.029949752103413,34.37180520721644,29.960590352073257
2020-05-01,19.70406527605577,33.25230753137998,15.516111909885126,5.232538957397547,9.828675271448901,14.108052468490135,21.485553444129707,17.499816238744913,28.39463346829328,16.86936028328701,32.62323977679268,28.005238776485058,20.526956826264854,27.205912912574433,15.92842193237178,13.443175183525335,20.711310470171675,21.244552197349964,27.65454309658684,30.78583641822406,23.955579912831787,34.69093628062107,26.193012543017385
2020-06-01,21.443808573614714,30.62961447660338,14.928122687085498,7.608614518379401,11.116691943631915,14.433782261552299,22.34715904428872,14.770673754631247,21.20751061198843,26.842149945918777,32.09827494053819,18.84942222839501,25.314152781321884,13.056204413090056,20.774043474368646,16.621238149319268,24.577589703961458,16.70847424547846,28.422930046120932,30.574136431958927,36.207106106054056,31.259575375883163,26.89114476211297
2020-07-01,26.556908960750135,32.394698145308176,14.891300365111594,9.86182742406514,13.246998836804826,27.116125650457754,9.403984780676831,11.51160215179468,17.886760633917422,30.722734034002983,24.416362876459505,15.615377492026644,31.55860194213535,15.937314330648924,14.999824007611533,15.744139758557528,23.440056437601594,20.109563219275586,38.75399259717979,32.20540542484978,26.430771133729188,29.008812903402664,30.959913846496885
2020-08-01,24.45093956497386,34.6523498305887,11.872840189082783,11.032250809065859,14.686025835914522,19.096620803797197,19.733445334080074,13.394996623793102,22.325233686196935,22.115894064360955,27.034293287191456,19.487929327209514,27.243862804935098,14.869943644295624,15.199232458158312,15.838341795574314,17.74055886062677,20.836178346625267,28.896183674330523,30.33348815663529,27.34929342915142,27.877556872981472,30.293212302563507
2020-09-01,20.21344617156699,30.103140028155224,14.742249499425917,7.274946558183572,27.598294128275853,22.985486793900467,13.725882605577661,14.920926612094066,21.10639474832195,18.98322851787327,37.52283747408053,16.246540263100723,18.333480173927395,19.873261807252316,12.043874830025112,12.53689108918847,19.938534417579213,18.67234028272007,27.303251234869528,35.126801182917106,28.811914997823532,29.23755192444687,33.245942678737734
2020-10-01,16.822545567246006,26.028316424074674,10.354246633453226,8.911564855474031,23.612119821172968,17.071861878840274,12.900891676168111,12.49298571488472,22.21859397155643,16.667425618277306,38.25457211654428,22.547662330905563,20.19077398013947,19.41662470565697,9.493056780325151,13.436874405670565,22.0104456208605,16.83722663187938,26.507860519890432,28.22885692761731,33.71527969370959,27.22816925688311,32.32877292480423
2020-11-01,26.85655679243714,30.40994799487892,13.380897635703214,8.338510097093298,14.755827636303597,21.455926918795278,17.99006111957364,18.725694902297597,14.569333958043302,20.708442675357436,43.03382279884608,22.141862240582345,18.6276653468616,13.086363964240043,10.633886625637897,14.812848703590248,20.63622591336762,17.95369078017082,19.492016253884323,28.8699473651998,24.794558112625317,30.575659379956896,33.062844407969415
2020-12-01,27.713703176297685,29.695780832121187,16.30081812372776,10.293787598322679,25.115399800734128,23.49329058118617,11.08417737003237,22.178975554062944,17.120201157562008,27.714560487677403,29.840469507544068,34.0737444310165,25.972201768813843,22.81129142522965,24.90792536080799,17.787950429907607,25.000484330934924,26.77144555810232,32.44685889740655,39.094699521760326,30.650592989046014,38.10143800009929,30.228028870316564
2021-01-01,26.91284614844921,33.280627830974176,12.866331197224277,10.086200583663123,21.55533169012377,20.929092985360406,15.115322031161615,13.581658801928914,23.135955296844646,21.06451446889759,20.44694586942177,27.08838668447702,30.733737973287752,19.866813687405692,13.207686514284168,10.165319884625934,25.531260826369962,15.530456521715346,40.14444752142709,34.38485249047275,27.359619600837163,32.02020268728585,34.762882561054404
